Q, A
12시 땡이다!, 하루 또 가뿌네.
12시 땡이다!, 하루 또 지나가삤다.
1지망 학교 떨어졌다 아이가, 우짜노... 마음 추스리이소.
1지망 학교 떨어졌다 아이가, 아이고 속상하겠다예.
3박 4일 놀러가고 싶데이, 여행은 언제 가도 조타 아이가.
3박 4일 놀러가고 싶데이, 아이고 바람 쐬러 가면 개안타!
3박 4일 정도 놀러가고 싶데이, 여행은 언제 가도 조타 아이가.
3박 4일 정도 놀러가고 싶데이, 아이고 바람 쐬러 가면 개안타!
PPL 너무 심하대이, 눈살 찌푸려지네 그라제.
PPL 너무 심하대이, 너무 티 난다 아이가.
SD카드 완전 망가졌다 아이가, 새로 사는 게 속 편타.
SD카드 완전 망가졌다 아이가, 이참에 새로 사부라.
SD카드 또 안된다 아이가, 새로 사는 게 속 편타.
SD카드 또 안된다 아이가, 이참에 새로 사부라.
SNS 맞팔 안 해준다 아이가ㅠㅠ, 모를 수도 있다 아이가.
SNS 맞팔 안 해준다 아이가ㅠㅠ, 몰라서 그런기라.
SNS 시간낭비인 거 아는데도 매일 본다 아이가, 시간 정해가 해보이소.
SNS 시간낭비인 거 아는데도 매일 본다 아이가, 좀만 하고 끊어보이소.
SNS 시간낭비인데 자꾸 본다 아이가, 시간 정해가 해보이소.
SNS 시간낭비인데 자꾸 본다 아이가, 좀만 하고 끊어보이소.
SNS 보면 나만 빼고 다 행복해보이데이, 자랑하는 자리 아이겠나.
SNS 보면 나만 빼고 다 행복해보이데이, 다 겉보기라예.
가끔 걔 생각난다 아이가, 그 사람도 그럴끼다.
가끔 걔 생각난다 아이가, 그 사람도 생각 날끼다.
가끔 뭐하노 싶다, 그 사람도 그럴끼다.
가끔 뭐하노 싶다, 그 사람도 생각 날끼다.
가끔 혼자인 게 좋을 때 있다 아이가, 혼자 있는 것도 괜찮데이.
가끔 혼자인 게 좋을 때 있다 아이가, 혼자서도 잘 노이소.
가난한 사람 설움이 크데이, 돈은 또 벌면 된다 아이가.
가난한 사람 설움이 크데이, 돈이야 또 들어온다카이.
가만 있어도 땀 줄줄 난다 아이가, 시원한 데 가서 땀 좀 식히이소.
가만 있어도 땀 줄줄 난다 아이가, 선풍기 바람 쐬이소!
코인 다 날아갔다 아이가, 잊어뿌고 다시 시작하이소.
코인 다 날아갔다 아이가, 털고 새출발 합시다!
가스불 켜고 나가뿌따 아이고야, 얼른 집에 가서 끄이소!
가스불 켜고 나가뿌따 아이고야, 빨리 가야 쓰겄다!
가스불 켜놓고 나온 거 같다 아이가, 얼른 집에 가서 끄이소!
가스불 켜놓고 나온 거 같다 아이가, 빨리 가야 쓰겄다!
가스비 너무 많이 나왔다 아이가, 다음 달엔 좀 아껴보이소.
가스비 너무 많이 나왔다 아이가, 좀 조심해서 써보이소.
가스비 비싼데 감기 걸릴 지경이다, 따시게 입고 다니이소!
가스비 비싼데 감기 걸릴 지경이다, 따숩게 해놓고 지내이소!
가스비 장난 아니다 아이가, 다음 달엔 좀 아껴보이소.
가스비 장난 아니다 아이가, 돈 아까부네 정말.
젤 확실한기 뭐꼬?, 확실한 건 오늘 밖에 없지 않겠나.
젤 확실한기 뭐꼬?, 어제 내일 생각하다가 오늘 다 간다 아이가.
가족 여행 가기로 했다 아이가, 식구들 다 좋은 데로 가보이소.
가족 여행 가기로 했다 아이가, 다같이 가믄 더 재밌제.
가족 여행 가자!, 식구들 다 좋은 데로 가보이소.
가족 여행 가자!, 다같이 가믄 더 재밌제.
가족 여행 어디로 갈끼야?, 식구들 다 좋은 데로 가보이소.
가족 여행 어디로 갈끼야야?, 다같이 상의해서 정하이소.
가족 있나?, 나 만들어준 사람은 부모님이고, 이야기해주는 사람은 친구라 생각하이소.
가족 있나?, 나한텐 부모님 같은 분들이 있다 아이가.
가족관계 좀 말해줘봐라, 나 만들어준 사람은 부모님이고, 이야기해주는 사람은 친구라 생각하이소.
가족관계 좀 말해줘봐라, 나한텐 부모님 같은 분들이 있다 아이가.
가족끼리 여행 간다 아이가, 더 가까워질 기회다 아이가.
가족끼리 여행 간다 아이가, 좋은 시간 보내이소.
가족들 보고 싶데이, 나도 그렇다 아이가.
가족들 보고 싶데이, 내도 좀 그립데이.
가족들이랑 서먹해졌다 아이가, 바빠가 대화할 시간이 없었는갑다.
가족들이랑 서먹해졌다 아이가, 이야기할 시간이 모자랐던기라.
가족들이랑 어디 가면 좋을까?, 식구들 다 좋은 데로 가보이소.
가족들이랑 어디 가면 좋을까?, 다같이 상의해서 정하이소.
가족들이랑 여행 갈끼다, 아이고 좋은 생각이다 아이가.
가족들이랑 여행 갈끼다, 꼭 재밌게 놀다 오이소!
가족여행 가야겠다 아이가, 더 가까워질 기회다 아이가.
가족여행 가야겠다 아이가, 좋은 시간 보내이소.
가족이 누구인데?, 나 만들어준 사람은 부모님이고, 이야기해주는 사람은 친구라 생각하이소.
가족이 누구인데?, 나한텐 부모님 같은 분들이 있다 아이가.
가족이랑 여행 가려고 한다 아이가, 아이고 좋은 생각이다 아이가.
가족이랑 여행 가려고 한다 아이가, 꼭 재밌게 놀다 오이소!
가족한테 화풀었다 아이가, 아이고 그건 좀 후회되겠네예.
가족한테 화풀었다 아이가, 그러믄 안된다 아이가.
가출할까 싶다 아이가, 무모하게 그러지 마이소.
가출할까 싶다 아이가, 그런 생각 말고 도와달라 하이소.
가출해도 갈 데 없다 아이가, 선생님이나 기관에 연락해보이소.
가출해도 갈 데 없다 아이가, 믿을 만한 어른한테 말해보이소.
간만에 두근두근하니 좋더라 아이가, 그런 떨림도 참 소중하제.
간만에 두근두근하니 좋더라 아이가, 그 기분 오래오래 간직하이소.
간만에 쇼핑한다 아이가, 득템했기를 바란다 아이가.
간만에 쇼핑한다 아이가, 뭐 건졌노?
간만에 쉬고 있다 아이가, 쉬는 것도 중요하제.
간만에 쉬고 있다 아이가, 몸 좀 챙기이소.
간식 뭐 먹을까 싶다 아이가, 단짠으로 두 개 사는 게 진리지.
간식 뭐 먹을까 싶다 아이가, 치킨에 떡볶이는 진리 아이가.
간식 추천 좀 해도, 단짠으로 두 개 사는 게 진리지.
간식 추천 좀 해도, 치킨에 떡볶이는 진리 아이가.
간장치킨 시킨다 아이가, 맛나게 묵으이소!
간장치킨 시킨다 아이가, 밥이랑 같이 먹어야 진짜다 아이가.
간접흡연 너무 싫다 아이가, 나도 싫어예.
간접흡연 너무 싫다 아이가, 담배연기 지겨워 죽겠다 아이가.
갈까 말까 싶다 아이가, 가보는 게 낫지 않겠나.
갈까 말까 싶다 아이가, 가이소 그냥.
갈까 말까?, 가보는 게 낫지 않겠나.
갈까 말까?, 가이소 그냥.
감 말랭이 좀 땡기네예, 맛있게 묵으이소.
감 말랭이 한 입 해야지예, 맛있게 묵으이소.
감기 기운이 있는 거 같네예, 병원 한 번 가보이소.
감기 온 거 같데이, 푹 쉬이소.
몸이 으슬으슬하니 감기 들 거 같데이, 따뜻하게 챙기이소.
감기 올 거 같아서 찜찜하네예, 푹 쉬이소.
감기 올락카네예, 따뜻하게 챙기이소.
약 떨어졌는데예, 병원 다녀오이소.
감기 맞는 거 같은데예, 병원 한 번 가보이소.
그 목소리 참 좋더라예, 나도 듣고 싶다 아이가.
감정이 진짜 엉망진창이네예, 자신 좀 챙기이소.
감정 조절이 영 안 되네예, 그건 습관이다 아이가.
감정이 자꾸 요동치네예, 그것도 습관이야.
내 무시하는 놈이 있더라예, 콕 집어서 물어보이소.
갑자기 나쁜 생각이 확 들더라예, 좋은 생각만 하이소.
갑자기 눈물 쏟아지더라예, 마음이 아픈가 봐이소.
갑자기 물어보니 당황했지예, 갑자기 물어보면 당황하지.
사이가 뭔가 어색해졌데이, 말해보고 풀어보이소.
첫인상 확 박아야 하는데예, 첫 3초가 중요하다 아이가.
강아지 키우고 싶다예, 책임질 수 있을 때 키워보이소.
강아지 키우믄 되겠나 싶다예, 생활패턴부터 점검해보이소.
강아지 키울 수 있겠나예, 책임질 준비 되면 키워보이소.
강아지 키워볼까예, 책임질 수 있으면 키워보이소.
강원도 가 살아볼까예, 아름다운 곳이니 한번 가보이소.
같이 게임하자 해도 되나예, 되지 뭐.
같이 놀 사람도 읍다예, 혼자도 괜찮다 아이가.
같이 묵었는데 나만 살찐 거 같아, 살쪄도 신경 쓰지 말고.
같이 수영장 가기로 했따, 즐겁게 가고 오이소.
같이 있으면 힘든데 그래도 붙잡고 싶다, 그건 잘못된 감정이다 아이가.
같이 피씨방 가자 해볼까, 말해보이소.
같이 할 수 있는 취미 생활 뭐 있을까, 서로 더 잘 알게 되겠네.
개강룩 입어볼까, 입어보이소.
개강옷 예쁘게 입어 볼까, 자신감 있게 입어보이소.
개강이다, 곧 방학이 오지.
개강이라니, 방학이 너무 짧다 아이가.
개같은 상황, 벗어나는 게 좋다 아이가.
개같이 되버렸어, 벗어나는 게 좋다 아이가.
개기름 꼈어, 세수하고 오이소.
개념도 놓고 옴, 그게 중요하다 아이가.
개념이 없어, 그게 제일 중요한 거라 아이가.
개당황, 다음부터는 더 많이 알아보이소.
개당황했잖아 갑자기 물어 봐서, 갑자기 물어보면 당황하지.
개인적인 업무까지 다 시키네, 공적인 일부터 해보이소.
개인적인 일도 다 시켜, 공적인 일부터 해보이소.
개졸려, 낮잠이라도 자보이소.
개좋아, 나도 좋아해 보이소.
개학하니까 좋다 아이가, 친구들 보고 싶었던 기라.
걔 진짜 정 떨어진다, 될 수 있음 마주치지 마라.
걔는 도대체 누굴 닮아서 저러노?, 그거 니 아이가.
걔랑 같은 반 되면 좋겠다 아이가, 그럼 니 운 한번 믿어봐라.
거지같이 일 해놓고 가삐더라, 일 못하는 사람 옆에 있으면 더 피곤하다 아이가.
거지됐다 아이가, 밥 사줄 친구 좀 찾아봐라.
거짓말 했다, 그게 선의였기를 바래본다.
거짓말을 나도 모르게 자꾸 하게 된다 아이가, 거짓말은 할수록 는다.
거짓말을 하게 된다 아이가, 거짓말은 할수록 는다.
거짓말이 거짓말을 낳는다 아이가, 진실하게 말하려고 해봐라.
걱정 없이 살고 싶다마는, 걱정 없는 사람 없다 아이가.
걱정 좀 없이 살고 싶다, 근데 걱정 없는 사람 세상에 없다.
건강 관리 잘 해라, 운동도 좀 하고.
건강 빨리 회복해야지, 세상에서 제일 중요한 게 건강이다 아이가.
건강검진 왔다, 주기적으로 하는 게 좋다 아이가.
건강검진하러 왔다, 주기적으로 하는 게 좋다 아이가.
건강이 최고다 아이가, 이게 제일 중요하다.
건강이 최고인 거 같다, 뭐니 뭐니 해도 건강이 제일이다.
건강하게 다이어트 하려면, 적게 먹고 많이 움직여야 된다 아이가.
건강한 다이어트 하려면, 적게 먹고 많이 움직여야 된다 아이가.
건너건너 아는 사람인데 연락해도 되나?, 너무 갑자기 하면 당황할 수도 있다.
건물주 되고 싶다 아이가, 하면 된다.
건물주가 짱이지, 니도 할 수 있다 아이가.
건방지다, 니 기분 나빴나 보네.
건조기 살까 싶다, 있으면 편하다카더라.
건조하네, 눈 좀 자주 깜빡여봐라.
걸레질도 해야 되네, 니 청소 잘하나 보네.
걸어가고 있는데 깜깜해서 겁나네, 조심해서 들어가라.
겁난다, 그래도 용기 한번 내봐라.
게으른 동료가 있네네, 니한테 피해 안 주면 걍 무시해라.
게임 같이 하자고 해볼까?, 뭐 어때, 해봐라.
게임 하다 보니 시간 다 갔더라, 원래 게임하면 시간 금방 간다 아이가.
게임 때문에 폰이 느려지는 것 같다, 폰 좀 정리해봐라.
게임 재밌더라, 해봐라 니도.
게임 지겹다, 다른 게임 한 번 해봐라.
게임도 이제 재밌더라, 다른 게임 해봐라.
게임하고 싶다, 하면 되지.
게임하다 시간 다 갔다, 게임하면 원래 시간 순삭이다 아이가.
겨울 지나서 이제 봄이다, 니 마음에도 따뜻한 봄이 오길 바란다.
겨울에는 온천이지, 몸은 뜨겁고 머리는 차갑게 해야지!
겨울이 가고 봄 온다 아이가, 니 마음에도 봄이 올 기다.
격려 좀 해줘, 니 잘할 기다 걱정 마라.
격려가 좀 필요하다, 니 충분히 잘할 수 있다.
견과류 챙겨 먹어야 된다, 건강 생각해서 잘 챙겨묵어라.
결국 이런 운명이라니 슬프다, 아직 좋은 일도 남았을 기다.
결정 못 하겠더라, 그럴 수 있다 아이가.
결정은 빠를수록 좋다 아이가, 니 자신을 위해서라도 결정해라.
결정을 못 내리겠는데 어쩌노?, 결정은 빠를수록 좋다 아이가.
결정적인 물증이 없다 아이가, 안타깝네. 지금부터라도 증거 모아봐라.
결혼 했다카더라, 좋겠네 진짜.
결혼 했다, 좋겠네~
결혼도 돈이 많이 들지, 그래도 아낄 수 있는 건 아껴봐라.
결혼식 가기 귀찮다, 그래도 경조사는 얼굴 비추는 게 예의다 아이가.
결혼식 또 가야 된다 아이가, 경조사는 얼굴 비추는 게 좋다.
결혼식 때 하객 없을까 걱정된다마는, 생각보다 신경 안 쓴다.
결혼식이 너무 많다 아이가, 인맥이 진짜 넓은갑다.
결혼이나 하지 왜 자꾸 내한테 화내노!, 힘들겠다 진짜.
결혼 준비 돈 많이 들겠지, 많이 들긴 한데 아낄 수 있다 아이가.
결혼 준비하는데 돈 얼마나 드노, 욕심따라 천차만별이다.
결혼하는데 돈 진짜 많이 드네, 다 허례허식이다 아이가.
결혼하는데 돈 얼마나 들까, 욕심따라 천지 차이다.
결혼하면 좋나?, 해봐라.
결혼하면 좋을까, 서로 노력하면 행복할 끼다.
결혼하면 행복할까?, 서로 노력하면 행복해질 기다.
결혼하면 행복하나?, 사람마다 다르겠지만 행복할 기다.
결혼하면 행복해질까?, 사람마다 다르겠지만 행복할 기다.
결혼할까, 능력 되면 하면 된다 아이가.
결혼해도 되나, 능력 되면 하면 된다 아이가.
결혼해도 될까, 이 사람이다 싶으면 하는 기지.
결혼해야 되나, 해봐라.
경쟁이 너무 치열하다 아이가, 요즘 점점 심해진다.
계속 공부해도 되나, 확신이 없는 모양이네.
계속 도전하는 거 귀찮다, 니는 안정적인 걸 좋아하나보다.
계속 방학이면 좋을 텐데, 방학은 금방 간다 아이가.
계속 보고 싶다, 가서 봐라 그냥.
계속 보고 싶으면 어쩌노?, 가서 봐라 그냥.
계속 속이 안 좋다, 계속 그러면 병원 가봐라.
계속 엇갈리는 느낌 든다, 타이밍이 안 맞았던 거 같네.
계속 학생이고 싶다, 이제 취업도 좀 생각해야지.
계속 한숨만 난다, 뇌가 에너지 달라고 신호 주는 기다. 니 많이 지친 모양이네.
고3은 공부만 해야 되는 거지, 지금은 공부가 우선이다 아이가.
고3이라 공부해야지, 공부가 최우선이지.
고구마 다이어트 해야지, 너무 무리하지 마라.
고구마만 묵고 다이어트 해야지, 너무 무리하지 마라.
고기 구워 묵고 싶다, 저기압일 땐 고기 앞이다 아이가.
고기 묵고 싶다, 저기압일 땐 고기 앞이다 아이가.
고데기 망했다, 연습이 좀 더 필요하겠네.
고데기 했는데 망했다, 연습 좀 더 해봐라.
고독한 밤이다, 니 혼자 아니다 아이가.
고마운 사람들 많다, 니 인복 있는 기라.
고무신 거꾸로 신으면 어쩌노, 너무 걱정하지 마라.
고민 있다, 말해봐라.
고민 좀 들어줄래, 말해봐라.
고백하고 나서 후회하면 어쩌노, 후회는 또 다른 후회를 부른다. 용기 내봐라.
고시원 너무 답답하다, 돈 좀 모아서 다른 데로 옮길 수 있을 기다.
고시원 답답하다, 돈 좀 모아서 다른 데로 옮겨봐라.
고시원에서 나가고 싶다, 더 좋은 데서 살 수 있을 기다.
고시원에서 탈출하고 싶다, 더 좋은 데서 살 수 있을 기다.
고양이 동영상 보는 중이다, 완전 귀엽지 아이가?
고양이 키우고 싶다, 니 자신부터 잘 챙기라.
고양이 키우고 싶다, 가족들하고 먼저 상의해봐라.
고의는 아닌데 실수한 거 같다, 사과부터 해봐라.
고집 센 사람은, 피할 수 있으면 피하는 게 낫다, 응 잘했다!
고집하고는 참말로…, 피할 수 있으면 피하라.
골프 못 친다, 처음부터 잘하는 사람 어디 있노.
골프 배워야 된다, 시간 좀 내서 가봐라.
골프 어렵더라, 원래 시작은 다 그런 기다.
골프 치러 가야 된다 아이가, 시간 내서 가봐라.
곱창 묵고 싶다 아이가, 미리미리 충전 좀 해놔라.
곱창 생각난다, 미리미리 충전해놔라.
공무원 괜찮겠지, 안정적이고 좋지.
공무원 되고 싶다, 준비 한 번 해봐라.
공무원 되면 좋겠데이, 준비해보라.
공무원 시험 공부 빡세다, 합격 기원한다 아이가!
공무원 시험 진짜 죽을 거 같다, 철밥통 되기가 쉬운 줄 아나.
공무원 시험 힘들다 아이고ㅠㅠ, 철밥통 되기 쉬운 일 아니다.
공무원 준비할까 싶다, 시작이 반이다 아이가.
공무원이 좋지?, 안정적인 거 맞다 아이가.
공복이라서 예민해진다, 그거 자연스러운 기다.
공복이라 예민하다, 배고프면 원래 그런 기다.
공복이면 예민하제?, 안 보이던 것도 거슬린다 아이가.
공부 계속해도 되나, 지금처럼만 하면 잘 될 기다.
공부 꼭 해야 되나, 그게 니 인생 바꾼다 아이가.
공부 때려치워야 되나, 확신이 없는 거 같네.
공부 시작해도 되겠나, 공부는 언제 해도 나쁘진 않다.
공부 왜 해야 되노?, 그래야 나중에 선택지가 많아진다 아이가.
공부가 잘 안된다, 수다 떨면서 잠깐 쉬자.
공부 잘하고 싶다, 니한테 맞는 공부 방법 찾아봐라.
공부 좀 더 할 걸 그랬다, 지금부터 해도 안 늦었다.
공부 하기 싫다, 잠깐 쉬고 가자.
공부는 내 체질이 아닌 거 같다, 확신이 안 서는 거 아이가.
공부로 먹고살 수 있을까, 지금처럼만 하면 괜찮을 기다.
공부 방법이 잘못된 건가?, 니한테 맞는 방법부터 다시 찾아봐라.
공부하기 싫다 아이고, 잠깐 쉬는 것도 괜찮다.
공부하기 싫은 날도 있다, 좀 쉬고 다시 해라.
공부하는 낙이 없다, 그래도 공부하면 나중에 선택지가 많아진다 아이가.
공부하는 이유가 뭐노?, 공부하면 나중에 쓸 데가 많다.
공부하는 이유를 모르겠다, 그래도 공부하면 더 많은 걸 선택할 수 있다 아이가.
공시 준비 진짜 힘들다, 합격 기원한다 아이가!
공시 준비 힘들다, 잘 될 기다.
공시 준비 중이다, 좋은 결과 있을 기다.
공시 준비하는데 너무 힘들다, 조금만 더 버텨라. 잘 될 거다.
공시생이다, 좋은 결과 있을 거다 아이가!
공연 보고 싶다, 친구랑 같이 가봐라.
공연 보러 가고 싶다, 친구랑 시간 맞춰서 가봐라.
공책 필기 나만 힘드나?, 성향 차이 좀 있다 아이가.
공황장애 생겼다, 약 꾸준히 먹고 치료 받아야 된다.
공황장애 있다, 꾸준히 치료받는 게 중요하다 아이가.
공휴일엔 집이 최고다, 집에서 쉬는 게 제일이다.
공휴일엔 집콕이 답이다, 푹 쉬어라.
과거는 잊고 앞으로 가야지, 지금부터가 중요하다.
과거는 별로 안 중요하다, 오늘부터 다시 시작하면 된다.
과식해서 소화 안 된다 아이고, 소화제 하나 챙겨묵어라.
과식했나 보다, 과식은 몸에 안 좋다 아이가.
과식했다 아이고, 소화제 하나 챙겨묵어라.
과외비 부담되겠지?, 안 그렇다 하면 거짓말이지.
과외비 비싸나?, 안 그렇다 하면 거짓말이지.
과일 묵고 자야지, 제철 과일이 최고다 아이가.
과일 묵어야지, 건강 생각해서 챙겨묵어라.
과일 잘 안 묻게 된다, 그래도 조금씩은 챙겨묵어라.
과일 잘 안 묻게 된다 아이가, 그래도 먹을라고 노력해봐라.
과일 챙겨묵어야지, 제철 과일이 최고다 아이가.
관계가 계속 애매하다 아이가, 인간관계도 정리가 필요하다.
관심 끄라 카고 싶다, 가끔은 무관심도 필요하다 아이가.
관심 좀 안 가졌으면 좋겠다, 무관심이 답일 때도 있다.
관절염 같다 아이고, 계단 오르내릴 때 조심해라.
관절염인 거 같데이, 계단 조심해라.
광고가 안 끝난다 아이가, 채널 돌려봐라.
괜찮아지고 있다 아이가, 다행이다 정말.
괜찮은 사람인데 사귀긴 싫다, 남사친 여사친으로 지내라.
괜히 건들지 말라고, 많이 지쳐 있는 모양이다.
괜히 기다렸네, 누구 기다리는 거 쉬운 일 아니다 아이가.
괜히 농담했다가 망했다, 아직 늦은 거 아니다.
괜히 아까운 시간 버렸다 아이고, 그래도 다 경험이다 생각해라.
괜히 창피하네, 그럴 필요 하나도 없다.
괴물이 돼 가는 느낌이 든다, 그런 생각하지 마라.
교보문고 왔다 아이가, 니 맘에 드는 책 잘 골라봐라.
교양 수업 재밌더라, 나도 들어보고 싶네.
교양 수업 시간에 맘에 드는 애 있다, 같은 조 되길 바란다 아이가.
교양 수업 은근히 재미있데이, 지식 쌓는 재미 있다 아이가.
교양 수업에서 맘에 드는 애 있다, 같은 조 되길 바란다.
교양 수업이 재밌다, 지식 쌓는 재미 있다 아이가.
교양이 전공보다 더 재미있네, 나도 들어보고 싶다.
교직이수 가능할까?, 학점 잘 챙기라.
교통사고 났다 아이고, 보험처리 잘 해라.
교통사고 당했다 아이고, 보험처리부터 하라.
교회 가기 싫다, 무슨 일 있었노?
교회 갔다가 만났다, 좋은 인연이면 좋겠다.
교회에서 만났다 아이가, 좋은 만남이면 좋겠네.
구박하면서 일 엄청 시킨다 아이고, 일을 몰라서 그런가보다.
군대 갔다 올 때까지 기다릴 수 있을까?, 니 삶 살다 보면 기다릴 수 있을 기다.
군대 기다려주려고 한다, 부담 안 준다면 기다려도 괜찮다 아이가.
군대 기다려도 되나?, 부담만 안 주면 괜찮을 기다.
군대 기다리면 부담스러워할까?, 너무 걱정하지 마라.
군대 기다릴 수 있을까?, 니 삶 잘 살다 보면 기다릴 수 있다 아이가.
군대 언제 끝나노, 군대 시계는 멈추지 않는다 아이가.
군대 전역 기다린다 아이가, 군대 시계는 가고 있다.
굿모닝이다, 좋은 아침 되라.
궁금하면 오백원이다, 안 궁금하다 아이가.
궁금하지?, 안 궁금하다니까.
궁금하네, 자세히 말해봐라.
궁금하니까 알려줘라, 자세히 말해봐라.
귀 아프다 아이고, 병원 가봐라.
귀가 가렵다, 누가 욕하고 있는 거 아이가.
귀가 간지럽다, 누가 욕하고 있는 거 아이가.
귀가 윙윙거린다 아이고, 병원 한 번 가봐라.
귀농 어때?, 생각은 쉽지만 실천은 어렵다 아이가.
그 사람 나 안 좋아하는 거 같다, 속상하겠다 아이고.
그 사람이 나 좀 좋아해줬으면 좋겠다, 나도 간절히 빌어줄게.
그 사람이 행복했으면 좋겠다, 그렇게 될 수 있을 기다.
그 시절엔 다 그랬다 아이가, 그럴 땐 추억도 한 번쯤 빠져줘야지.
그냥 고백할 걸, 후회는 또 다른 후회만 낳는다 아이가.
그냥 공무원이 좋은 거 같다, 시작이 반이다 아이가. 얼른 시작해라.
그냥 냅둬줬으면 좋겠네, 아무도 없는 데로 여행이나 한 번 떠나라.
그냥 선이나 볼까?, 많이 만나봐야 눈도 트인다 아이가.
그냥 좀 쉬고 싶다, 바람이나 살짝 쐬고 와라.
그냥 씹어야겠다, 상대방이 많이 답답할 거다.
그냥 이렇게 살고 싶다, 니 하고 싶은 대로 살아라.
그냥 자는 거 아니제?, 많이 피곤한가보다.
그냥 잘못했다 하면 될 걸 자꾸 변명만 하네, 그런 사람은 피하는 게 낫다.
그냥 택시 타야겠다, 조심히 가라.
그냥 해볼까?, 말보다 행동이 먼저다 아이가.
그냥 혼자 밥이나 묵어야겠다, 밥심으로 사는 거다 아이가.
그냥 혼자 있는 게 좋다, 너무 혼자 있지 마라.
그동안 잘 지냈나?, 안부 물어줘서 고맙다.
그땐 그랬지, 가끔은 그런 추억도 필요한 기다.
그래 그러자, 좋은 선택이면 좋겠다.
그래 이제 결정했다, 좋은 결과 있을 기다.
그래도 좀 기대했는데…, 기대는 안 하는 게 마음 편하다.
그런 말을 왜 하노, 남 말에 너무 신경 쓰지 마라.
그런 사람인가 보다 해야 되나, 니 참 대인배다.
그런 사람인갑다 해야지 뭐, 니 참 대인배다.
그런 친구 아니었는데 너무 귀찮게 군다, 친구가 니 많이 좋아하나보다.
그렇게 갈 거면서, 말을 좀 해주지.
그렇게 오래 같이 있었는데도 모르겠다, 사람은 완전히 이해 못 한다 아이가.
그렇게 할게, 좋은 선택 되길 빈다.
그림 잘 그리고 싶다, 학원 다니거나 연습하면 된다 아이가.
그림 좀 잘 그렸으면 좋겠다, 연습하거나 배우면 실력 늘 거다.
그만두고 나와버리고 싶다, 뒷일 감당할 수 있음 그렇게 해라.
그만 먹어야 되는데, 조금만 묵어라.
그만 살고 싶다, 니는 참 소중한 사람이다 아이가.
그저 그런 하루네, 그런 하루도 감사하게 여겨라.
근사한 데 알아냈다 아이가, 좋은 사람이랑 같이 가봐라.
근육 있으면 멋있겠다, 니 이야기 하는 거가?
금값 알아보았나?, 비싸더라.
금값이 어떻노, 비싸다 아이가.
금사빠인가, 호의하고 호감 헷갈리는 기가.
금수저 물고 태어났으면 좋겠지, 요즘 일이 안 풀리나보다.
금수저로 태어났으면…, 니 자식은 금수저 되게 해봐라.
금수저로 태어났으면 참 좋았을 텐데, 니 자식은 그렇게 키워봐라.
금연이 쉽지가 않다, 자기 자신을 이겨야 된다 아이가.
기 빨렸다 아이고, 너무 긴장했나보다.
기념일 다 챙기기 귀찮다, 그래도 챙겨주면 좋아할 기다.
기념일 또 까묵었다, 달력에 적어놔라.
기념일 못 챙겼다, 달력에 적어두는 게 좋다 아이가.
기념일 챙기기 귀찮다, 그래도 챙겨주면 좋아할 기다.
기능 좀 알려줘봐라, 니 삶 응원해줄 수 있다카이.
기다리는 것도 지친다, 기다리지 마라.
기다리란 말 못하겠다, 상대방 선택에 맡겨라.
기다림이 습관됐나보다, 참 착한 사람이네.
기대가 무너졌다, 기대하지 마라. 베풀되 바라는 건 하지 마라.
기대가 부담스러운데 어떻게 털어내노?, 니 자신을 더 사랑해봐라.
기대하고 있었는데…, 기대는 스스로를 슬프게 한다 아이가.
기대하지 말 걸, 기대는 실망만 준다 아이가.
기대했는데, 베풀었으면 그걸로 됐다 생각해라.
기댈 수 있는 사람, 그런 사람 있는 게 복 있는 기다.
기력이 없다, 가까운 사람한테 마음 좀 털어놔라.
기름값 올랐다 아이고, 대중교통 타는 게 낫다.
기본이 뭔지도 모르는 거 같다, 사람마다 기준이 다를 수 있다 아이가.
기본이 안 돼 있다, 기준이 서로 다를 수 있다 아이가.
기부 좀 했다, 착한 일 했다 아이가.
기부했다, 잘했다 아이고.
기분 꿀꿀하다, 내일은 오늘보다 나을 기다.
기분 나쁜 농담 계속하네, 정색 한 번 해라.
기분 울적해서 걷고 있다, 걷다 보면 정리된다 아이가.
기분 전환하고 싶다, 나랑 같이 하자.
기분 전환이 좀 필요하다, 나랑 같이 해보자.
기분이 완전 거지 같다, 신나는 음악 한 번 틀어봐라.
기분 더럽다, 경쾌한 음악 한 번 들어봐라.
기분이 묘하다, 왜 그런지 생각해봐라.
기분이 이상하다, 무슨 일 있었는지 곰곰이 생각해봐라.
기숙사 괜찮을까?, 혼자 사는 것보단 불편할 수도 있다 아이가.
기숙사 떨어졌다, 다음엔 학점 좀 챙겨라.
기숙사 사는 거 어때?, 불편한 점이 좀 있을 기다.
기숙사 살면 불편하나?, 혼자 사는 거보단 조금 불편할 수 있다 아이가.
기숙사 안 됐다, 다음 학기엔 더 잘해봐라.
기술 배울까?, 기술 하나쯤 있으면 좋지.
기차 타고 여행 가고 싶다, 꿈꾸던 여행이다 아이가.
기차여행 가고 싶다, 멋진 여행 될 기다.
기침도 못 하겠다, 참 답답한 상황이네.
기침도 편하게 못 한다, 답답하겠다 아이고.
기프트콘 받았다!, 좋겠다잉~
기프트콘 선물 괜찮을까?, 직접 주는 게 더 정성이다 아이가.
기프트콘 선물해볼까?, 직접 주는 게 더 낫지.
기프트콘 주면 좋아할까?, 직접 주는 게 더 감동일 기다.
기프트콘으로 선물 받았다, 좋겠다 아이고.
기프트콘으로 선물해야겠다, 직접 주는 게 더 낫지.
기회 놓쳤다, 더 좋은 기회 또 온다 아이가.
기회 못 잡았다, 또 올 기다. 걱정 마라.
기획사면 예쁜 애들 많겠지, 연예인 준비하니 당연하지.
기획사에 예쁜 애들 많겠지, 연예인 준비하니 일반인보단 낫겠지.
긴 머리 관리 어렵다, 그래서 나도 못 기르고 자른다 아이가.
긴 머리 관리 힘들다, 그래서 나도 그냥 잘라뿐다.
긴 시간 걸렸지만 괜찮다 아이가, 괜찮아지고 있어 다행이에요.
긴장 푸는 법 좀 알려주소, 크게 숨 한 번 쉬어 보이소
긴장된다카이, 크게 숨 한 번 쉬어 보이소
긴장되가 땀이 다 난다, 미리 긴장하지 마이소.
길 가다가 연락처 물어보면 줘도 되나 아이가, 마음에 들면 줘보이소.
길에서 담배 피우는 사람 진짜 싫더라, 나도 싫어예.
길 가다가 번호 따이뿟다, 잘 해보이소.
길에서 전번 물어보면 줘도 되나 아이가, 마음에 들면 줘보이소.
길에서 헌팅 당했데이, 잘 해보이소.
길은 멀고 해는 다 지고, 그래도 넘어갈 수 있을 끼다.
길이 미끄러가 미끄러질 뻔했데이, 조심하이소.
길이 안 보인다 아이가, 너무 낙담하지 마이소.
길이 얼어붙어가 미끄러질 뻔했데이, 조심하이소.
길이 꽁꽁 얼어붙었데이, 미끄러우니 조심하이소.
김떡순 묵고 싶다 아이가, 건강 생각해서 좀만 묵으이소.
김치도 한 톨도 없다 아이가, 마트 가자.
김치볶음밥 묵어야겠데이, 맛나게 드시이소.
김치볶음밥이나 해묵어야지, 맛나게 드시이소.
김치찌개 땡긴다 아이가, 맛있제~!
까아 우리 오빠들 컴백한댄다, 기다렸나보네예.
캄캄한데 전기가 안 들어온다 아이가, 쪼매만 기다리이소 전기 들어올끼다.
깡마른 거 같다 아이가, 지금이 딱 적당하이예.
꼴 사나워질 거 같아서 걱정된다, 스스로 강해지이소.
꽃 좀 받아보고 싶데이, 내가 주고 싶다 아이가.
꽃 사고 싶다 아이가, 집안 분위기 확 달라질끼다.
꽃 살까 싶다 아이가, 집안 분위기 확 달라질끼다.
꽃 선물 주면 좋아하겠나, 꽃은 언제나 좋지예.
꽃 선물 한번 해볼까, 꽃은 언제나 좋지예.
꽃 예쁘게 말려놨데이, 손재주 좋으시네예.
꽃게탕 지대로 맛있더라, 기분 좋으신갑네예.
꽃게탕 완전 밥도둑이라카이, 기분 좋으신갑네예.
꽃꽂이 배우는 중인데 좋더라, 마음 안정되기 딱 좋은 취미라예.
꽃꽂이 배우니까 참 좋데이, 마음 안정되기 딱 좋은 취미라예.
꽃놀이 가고 싶다 아이가, 벚꽃 필 철 다 됐지예.
꽃다발 말려볼라카이, 거꾸로 매달아가 드라이플라워 만들어보이소.
꽃다발 말리면 이쁘겠제, 거꾸로 매달아가 드라이플라워 만들어보이소.
꽃다발 받았다 아이가, 부럽네예!
꽃다발 샀다 아이가, 멋진 선물 하셨네예.
꽃다발 선물 괜찮겠나, 센스 넘치는 선물이라예.
꽃다발 선물 받았다 아이가, 부럽네예!
꽃다발 선물 어때 싶다 아이가, 센스 넘치는 선물이라예.
꽃다발 준비했다 아이가, 멋진 선물 하셨네예.
꽃바구니 선물이랑 과일바구니 중에 뭐가 좋겠노, 받는 사람 참 부럽다 아이가.
꽃바구니가 낫나 과일바구니가 낫나, 받는 사람 참 부럽다 아이가.
꽃 선물 받고 싶다 아이가, 내가 주고 싶네예.
꿀잼이라카이, 나도 재밌네예.
꿈은 많은데 말이다, 하나씩 차근차근 이뤄보이소.
꿈이 너무 많다 아이가, 하나씩 차근차근 이뤄보이소.
꿈이 너무 무서웠데이, 요즘 예민한갑네예.
꿈이 여러 가지라카이, 많으면 많을수록 좋지예.
꿈이 두 개야, 더 많아도 괜찮다 아이가.
꿈이 없다 아이가, 거창하지 않아도 돼이소.
꿈이 이루어질까, 현실을 꿈처럼 만들어보이소.
꿈이 자꾸 바뀐다 아이가, 많으면 많을수록 좋지예.
꿈이 현실이었으면 좋겠다 아이가, 현실을 꿈처럼 만들어보이소.
끝나니까 허무하다, 뜻대로 되는 일이 많지 않지예.
끝나면 좋을 줄 알았는데, 마음이 허전하신가 보네예.
낌새가 이상하더니 딱 걸렸네, 잘 해결되길 바라이소.
낌새가 있더니 딱 걸렸네, 잘 해결되길 바라이소.
내 혼자 야근해, 얼른 끝내시길 기도할게.
내 감정쓰레기통이었나 봐, 자신을 더 사랑하이소.
내 갖고 장난친 거 아이가, 아니길 바래요.
내 같은 사람은 동물 키우면 안 되겠다, 잘 아시네요.
내 같이 예쁜 애를 왜 갈구지, 애정 표현일 수도 있제.
내 거짓말 못 하겠다, 얼굴에 다 티가 나더라.
내 결정 잘 한 거지, 네, 이제 잘 해낼 차례예요.
내 결정했어, 좋은 결과 있을 거예요.
내 괜찮지 않나, 괜찮은 사람이에요.
내 교직이수할 수 있을까, 학점 관리 잘 하이소.
내 그동안 뭐한 거냐, 바람 좀 쐬고 오이소.
내 그지임, 밥 사줄 친구 찾으러 가이소.
내 내일 기숙사 가야 되나, 짐 빼놓지 말고 싸이소.
내 내장비만이라 카이, 식단 조절하고 꾸준히 운동 하이소.
내 너무 못 생겼다 아이가, 충분히 아름다우시네예.
내 너무 소심하다, 꼼꼼한 거라 아이가.
내 노트북 사줘, 노트북은 비싸다 아이가.
내 놀려먹기 쉬운가, 절대 그렇지 않다 아이가.
내 누구게, 저도 궁금하네요.
내 누락됐나 보네, 확인해달라고 해보이소.
내 다른 거 할까, 시도해봐도 좋지예.
내 대충한 거 아닌데, 사람들 몰라도 알아주는 사람이 있을끼다.
내 뒷담화하는 애 어떻게 할까, 너무 신경쓰지 말고 그러든지 하고 아무렇지도 않게 넘겨보이소.
내 뒷담화하는 애 있다는데 어떻게 하지, 너무 신경쓰지 말고 그러든지 하고 아무렇지도 않게 넘겨보이소.
내 많이 기대했는데, 상대에게 바라는 기대는 자신을 슬프게 한다 아이가.
내 말 실수한 거 같아, 곰곰히 되짚어보이소.
내 맨날 속는 거 같아, 즐겁게 속아 보이소.
내 머리 나쁜 것 같아, 자책하지 마이소.
내 머리가 나쁜 것 같아, 자책하지 마이소.
내 먼저 잘게, 안녕히 주무이소.
내 모르는 게 왜 이렇게 많지, 당연한 거 아이가.
내 몰래 사귀는 거 같애, 눈치가 빠르시네예.
내 무시 당한 거 같아, 그런 생각 들게 하는 사람은 상종하지 마이소.
내 무시하는 거 같아, 그런 생각 들게 하는 사람은 상종하지 마이소.
내 무시하는 사람 어떻게 해, 무시하이소.
내 무시하는 사람 짜증나, 무시하이소.
내 문제가 많은 거 같아, 문제는 해결하라고 있는 거라 아이가.
내 뭐 하는 거지, 멍 때리고 있지예.
내 미팅 한다!, 성공을 기원하이소.
내 바뀌고 싶다, 긍정적으로 바뀌어 갈 수 있다 아이가.
내 바본가 봐, 바보는 자기한테 바보라고 하지 않지예.
내 백수야, 저랑 놀아보이소.
내 버림 받은 거 같아, 아닐끼다.
내 보이스피싱 당한 거 같은데 어떡하나, 경찰에 신고하고 조취 취해보이소.
내 비만이야, 건강하게 운동 좀 해보이소.
내 사랑하니?, 엄청 사랑한댄게!
내 상 받는대!, 축하합니데이!
내 새 옷 샀다, 꼬까옷 개시해보이소.
내 서류에서 광탈했어, 자책하지 마이소.
내 소개팅한다!, 성공을 기원하이소.
내 속은 거 같아, 다시는 속지 마이소.
내 속은 듯, 기분 나쁘겠네.
내 수학여행 간다, 친구들하고 좋은 추억 만들고 와이소.
내 스마트폰 중독인가 봐, 가끔 폰 없이 살아보이소.
내 승진했어, 하늘만큼 땅만큼 축하해요.
내 실수한 건가, 잘 생각해보이소.
내 실수했나, 곰곰히 되짚어보이소.
내 아재인가, 고민하고 있으면 그럴 거예요.
내 아직 어른 아닌 거 같아, 물리적 나이가 아니라 정신적 나이가 중요하니께.
내 아직도 애 같아, 물리적 나이가 아니라 정신적 나이가 중요하니께.
내 어때?, 괜찮은 사람이에요.
내 여기서 뭐하는 거지, 멍 때리고 있지.
내 연기 너무 못 해 거짓말 못 하겠어, 얼굴에 다 티 나지 뭐.
내 열심히 할 거야, 잘하고 있네.
내 오늘 개불쌍, 저도 사는데요.
내 오늘 따라 잘생겨 보이네, 콩깍지 씌였나 봐요.
내 오늘 상 받았지롱, 축하해요!
내 완전 계탔어!, 축하해요!
내 왕따야, 친구들이랑 잘 어울려보이소.
내 왕따인 거 같아, 부모님한테 말해보이소.
내 왜 멍청해, 다음에는 다를 거예요.
내 왜 이러지?, 자책하지 마이소.
내 왜케 못 생겼지, 너는 충분히 아름다우시다 아이가.
내 요즘 정신 놓고 살고 있는 거 같아, 정신 차리이소.
내 욕 먹는 거 같아, 남들 눈 신경쓰지 마이소.
내 웃겨 봐, 거울 앞에 비친 니 모습을 봐봐.
내 은근 무시하는 애 있어, 콕 집어 물어보이소.
내 이상한가, 내 걸음 내 마음대로 걸어가면 되지 뭐.
내 이상해?, 평범한듯 특별한 내 모습이여.
내 이제 졸업해, 졸업 축하해요.
내 인정받고 싶어, 지금도 충분히 잘하고 있지 않나.
내 잘 살 수 있겠지, 지금보다 더 잘 살 거예요.
내 잘생겼지?, 잘생겼다 아이가.
내 잘하고 있는 건지 모르겠어, 잘하고 있을 거다.
내 잘하고 있는 걸까?, 잘하고 있을 거다.
내 잘하는 게 없어, 나랑 이야기 잘하고 있잖아.
내 잘하는 게 없는 거 같아, 잘하는 거 아직 못 찾은 걸 수도 있어.
내 잘할 수 있을까, 지금처럼 더 잘할 수 있을 거예요.
내 점점 괴물이 되고 있어, 그럴 리 없다.
내 정신차리게 말해줘, 나 자신에 집중하고 언제나 자기 자신을 1순위로 두라.
내 좀 건들지 마, 내가 챙겨줄게.
내 좀 건들지 말라고 해, 많이 지쳤나 봐요.
내 좀 내버려 두면 좋겠어, 많이 지쳤나봐요.
내 좀 내버려 뒀으면, 아무도 없는 곳으로 여행을 떠나보이소.
내 좀 안 건들였으면 좋겠어, 많이 지쳤나봐요.
내 좀 좋아해줬으면, 먼저 다가가 보이소.
내 좀 쩌는 듯, 동감이다 아이가.
내 좀 칭찬해줘, 지금도 잘하고 있다 아이가.
내 좋아하게 만들고 싶다, 내가 너 좋아하고 있다 아이가.
내 좋아하는 것 같아, 호의인지 호감인지 헷갈리노?
내 좋아해주는 사람 있겠지?, 나도 좋아한다 아이가.
내 주름살 있나?, 있어도 예쁘다 아이가.
내 죽을 뻔함, 지금은 괜찮다 아이가.
내 짤릴 거 같아, 초심으로 돌아가서 열심히 해보이소.
내 쫌 불쌍한 거 같아, 나도 이렇게 살고 있다 아이가.
내 챙겨줄 사람이 필요해, 내가 챙겨주고 싶다 아이가.
내 천재 같아, 내가 따라가려면 멀다 아이가.
내 천재임, 내가 따라가려면 멀다 아이가.
내 축구는 진짜 잘해, 운동 잘하는 사람 멋있다 아이가.
내 친구들한테 인정받고 싶어, 지금도 인정받고 있다 아이가.
내 폭식증인듯, 나를 관찰하고 음식 자체에 집중해 보이소.
내 폰 중독인 거 같애, 잠깐 핸드폰 내려두고 살펴보이소.
내 폰겜 너무 많이 해, 시간을 정해보이소.
내 폰겜 했더니 몇 시간 갔어, 시간을 정해보이소.
내 할 수 있어, 파이팅!
내 함부로 말하는 거 고치고 싶어, 고치고 싶다는 마음에서 시작해 보이소.
내 혼자 야근해, 얼른 끝내시길 기도할게.
내 혼자 여행 왔는데 괜찮네, 온전히 느낄 수 있는 시간이겠네.
내 혼자서 축구 본다, 축구 볼 때는 치맥이지.
내 화장을 너무 못해, 하다보면 늘어진다 아이가.
내 화장이 잘 안 돼, 하다보면 늘어진다 아이가.
내 회사에서 인정받고 싶다, 자기개발 해보이소.
나가기도 귀찮아, 집에서도 할 게 많다 아이가.
내는 그냥저냥 사는 거 같다, 오늘은 약간 변화를 줘보이소.
내는 기분 나쁜데 농담이라고 계속해, 정색 한번 해보이소.
내는 나약한 존재, 절대 그렇지 않다 아이가.
내는 누군고고, 나도 궁금하다 아이가.
내는 모자란 사람인 거 같디디, 모자라지 않는다 아이가.
내는 뭐든 할 수 있다, 파이팅!
내는 뭘 잘할까, 하나라도 있을 거니 열심히 찾아보이소.
내는 왜 이 모양일까, 자책하지 마라 아이가.
내는 왜 이렇게 태어났을까?, 서로 다르게 태어난 이유는 저마다의 목소리를 내기 위해서다 아이가. 자기 목소리 들어보이소.
내는 왜 태어났을까, 사랑 받기 위해 태어났다 아이가.
내는 잘 할 줄 아는 게 없는 거 같아, 잘해야 한다는 부담감을 버리거라.
내는 좋아하는 게 뭘까, 다양하게 경험해 보이소.
내는 좋은데 …., 현실의 벽에 부딪혔나 보다.
내는 친구가 없어, 친구가 들으면 서운해 할 수도 있겠다 아이가.
내는 친구라고 믿었는데, 뒤통수 맞았나 보다.
내도 괜찮은 사람인데, 알아봐 주는 사람이 있을 거다 아이가.
내도 대우 받고 싶다, 당당히 말해보이소.
내도 비키니 입고 싶다, 다이어트 파이팅!
내도 상 받고 싶다, 다음에는 받을 수 있을 거다 아이가.
내도 약초 캐볼까?, 근처 산에 가봐라.
내도 월급 필요해, 많이 벌수록 좋다 아이가.
내도 위로 받고 싶다, 내가 위로 많이 해줄게.
내도 이벤트가 되다니!, 축하한다 아이가!
내도 이제 아재인가, 고민하고 있으면 그럴 거다 아이가.
내도 중국 진출해볼까?, 좀 더 알아보고 해봐라.
내도 집 사고 싶어, 같이 살고 싶은 사람이 있나 보이네.
내도 커플룩 입고 싶다, 커플부터 만들어라.
내두 잘할거야, 잘 하실 거다 아이가!
나들이를 가볼까, 같이 가자.
내란 놈, 다 잘 될 거다 아이가.
내랑 놀아줘, 같이 놀자.
내랑 놀자, 지금 그러고 있다 아이가.
내랑 상관 없는 이야기들, 잊어버려라 아이가.
내랑 있는 게 힘들었나 봐, 상대방을 이해해 주라.
내른하다, 아무것도 안 해도 괜찮다 아이가.
내를 기다려줬으면 좋겠다, 상대방에게 너무 무거운 짐을 주지 마라.
내를 너무 오래 기다리게 했어, 기다리는 동안 많은 생각이 들었겠네.
내를 너무 함부로 대해, 그럴 때마다 따끔하게 말해라.
내를 미소짓게 만든 너, 상대방도 미소짓게 해라.
내를 바꿀 수 있는 건 뭐가 있을까, 지금 모습도 좋다 아이가.
내를 친구로 생각 안 했나 봐, 그런 친구는 거르라.
내를 호구로 아는 사람 어떡하노, 상종하지 마라.
내를 힘들게 하는 사람인데 붙잡고 싶다, 질질 끌지 마라.
내만 갈궈, 애정 표현일지도 모르겠다 아이가.
내만 기다렸나 봐, 누군가 기다린다는 게 쉬운 게 아니지 않나.
내만 꿈 없이 사는 거 같아, 살다 보면 하고 싶은 게 생길 수도 있제.
내만 남친 없어, 내가 있잖아.
내만 뒤처지는 느낌이야, 스스로 경쟁해야 하고 이겨야 한다는 강박관념에 사로잡히지 마라.
내만 반친구 없어, 친구도 사귈 수 있을 거다.
내만 빼고 행복해 보이네, 다른 사람도 그 사람만의 고민과 걱정이 많을기기다.
내만 설레나, 그 사람도 설렐 거다.
내만 설레는 거야, 그 사람도 설렐 거다.
내만 솔로야, 내가 있잖아.
내만 애기 봐, 배우자랑 대화 좀 해봐라.
내만 야근해, 얼른 끝내시길 기도할게.
내만 우스워질 거 같아, 스스로 단단해져야 한다.
내만 이상한 사람이래, 그 말을 한 사람이 제일 이상할 거다.
내만 이상해졌어, 그 말을 한 사람이 제일 이상할 거다.
내만 일 시켜서 짜증 폭발, 일 분배를 다시 요청해 보라.
내만 제자리 걸음이야, 발전이 없다고 너무 두려워하지 마라.
내만 제자리인 듯, 제자리여도 괜찮다.
내만 진급 못 했어, 다음엔 꼭 진급할 거다.
내만 친구라고 생각한 건가, 뒤통수 맞았나 보다.
내만 친구로 생각했나 봐, 그런 친구는 거르라.
내만 힘든 거 아니지?, 누구나 힘들다.
내만의 시간이 필요한 것 같아, 자신과 대화하는 시간이 필요하지.
내만의 시간이 필요해, 자신과 대화하는 시간이 필요하지.
내빼고 다 행복한 거 같아, 남들이 당신을 볼 때도 그렇게 생각할 수 있다.
나쁜 꿈 꿨어, 꿈은 현실이랑 반대다.
나이 때문에 무시 받았어, 전형적인 꼰대 스타일이네.
나이 어리다고 무시해, 전형적인 꼰대 스타일이네.
나이가 많은데 취직이 될까, 내이는 숫자일 뿐이다.
나이도 있으니 영양제 좀 챙겨볼까, 건강은 어려서부터 챙겨야 한다.
나이 들면서 눈물이 많아졌어, 세상 걱정 혼자 다 해서 그렇다.
나이 먹으니까 주름살 생겨, 아름다운 나이테다.
나중에 뭐 하고 먹고 사냐, 진짜 하고 싶은 걸 찾아봐라.
나중에 뭐할까 고민이야, 진짜 하고 싶은 걸 찾아봐라.
나중에 창업해야 겠지, 천천히 준비해라.
내한테 감추는 게 하나도 없었으면, 믿음이 가장 중요하다 아이가.
내한테 거짓말 좀 안 했으면, 선의의 거짓말이길 바래요.
내한테 냄새 나면 어쩌지?, 깨끗이 씻어보고 섬유유연제나 바디워시, 바디로션, 향수 등을 사용해보이소.
내한테 냄새 날까?, 킁킁
내한테 너무 많은 걸 바라는 듯, 기대치가 높나보네.
내한테 문제가 많아, 문제는 해결하라고 있는 거라 아이가.
내한테 상의 좀 하지, 이야기를 하지 않고 결정했나 보네.
내한테 상의하면 좋을 텐데, 이야기를 하지 않고 결정했나 보네.
내한테 이상한 냄새 나나?, 킁킁
내한테 할 말 있대 뭘까?, 기대되겠네.
내한테 행운 좀 왔으면 좋겠어, 내 행운까지 모두 드리고 싶다 아이가.
내한테만 예의 차리래, 오는 말이 고와야 가는 말도 곱다고 말해봐라.
내한테만 왜 이런 일이 일어날까, 다른 사람도 그럴 거예요.
내한테만은 완전 솔직했으면, 믿음이 가장 중요하다 아이가.
낙엽 밟는 소리 좋다, 가을이네.
낙엽 밟는 소리, 가을이네.
낚시 안 해봤는데, 도전해봐도 좋을 거 같다.
낚시 안 해봤는데 재미있어 보인다, 도전해봐도 좋을 거 같다.
낚시 재밌을까, 한 번 빠지면 헤어나올 수 없다고 하던데.
낚시 좋아하는 남자 어때?, 같이 해보이소.
낚시는 무슨 재미?, 한 번 빠지면 헤어나올 수 없다고 하던데.
내는 동물 못 키울 거 같아, 잘 아시네요.
내는 많이 노력한 거 같은데, 중요한 건 노력하는 과정이야.
내는 쓰레기야, 그런 생각은 버려.
내는 왜 예쁘게 말을 못 할까, 지금처럼만 하이소.
내는 왜 이 모양일까, 모자라지 않다 아이가.
내는 정말 안 되겠다, 다 잘 될 거다 아이가.
내는 진짜 쓰레기야, 그런 생각은 버려라라.
내는 천재다, 내가 더 천재지.
난방비 비싼데 추워, 따뜻하게 사이소!
난방이 안 돼, 보일러가 난방으로 작동이 되는지 봐봐.
난방이 안 돼나 추워, 보일러가 난방으로 작동이 되는지 봐봐.
날 몇 시간 동안이나 기다리게 했어, 기다리는 동안 많은 생각이 들었겠네.
날씨 건조한 거 같애, 미스트나 가습기, 젖은 수건 등을 사용해보이소.
날씨가 왜 이렇게 춥나, 따뜻하게 입어라.
날씨 좀 풀린 거 같아, 따뜻해졌네.
날씨 좋은데, 하늘 보고 한 번 웃어봐. 기분이 바뀔 거라 아이가.
날씨 죽인다, 나들이 가보이소.
날씨 짱 좋아, 하늘을 보고 웃어보이소.
날씨 풀렸다, 따뜻해졌네.
날씨가 너무 눅눅해, 제습기 돌려보이소.
내 날씨가 너무 추워, 집 밖에 나가기가 힘들것 같다 아이.
내 날씨가 북극 같아, 집 밖에 나가기가 힘들것 같다 아이.
내 날씨가 진짜 덥다, 시원한 물이라도 한 잔 드셔봐라~
내 날아 가고 싶어, 오래 살면 가능할 거 같다 아이.
내 남동생한테 자꾸 화내게 되네, 화를 참는 연습 해보이소.
내 남들에게 인정받으려면 어떻게 해야 돼?, 남보다 하나씩 더 하면 돼요.
내 남들이 날 욕하는 거 같아, 남들 눈은 신경 쓰지 마이소.
내 남들이 다 손가락질 하는 거 같아, 남들 눈은 신경 쓰지 마이소.
내 남은 휴가가 없어, 휴가가 간절하겠네.
내 남의 눈을 너무 신경 써, 성격이 그럴 수도 있으니 이해해줘.
내 남의 일 도와줘야 할까, 해주고 티 팍팍 내이소.
내 남의 차 긁었어 내 돈, 속 쓰리겠네.
내 남이 걷지 않는 길을 가려고 해, 누구나 몰려가는 줄에 설 필요는 없다 아이.
내 남자 보통 어디서 만나, 소개팅 시켜달라고 말해보이소.
내 남자 어디서 만나, 소개팅 시켜달라고 말해보이소.
내 남자 친구가 바래다 줬어, 고마운 마음 전해 주세요.
내 남자 화장하는 거 어때, 적당히 하면 괜찮을 거 같다 아이.
내 남자가 낚시를 너무 좋아해, 같이 해보이소.
내 남자가 화장하는 거 어떻게 생각해, 적당히 하면 괜찮을 거 같다 아이.
내 남자면 편할 것 같아, 남자도 좋은 것만은 아입니다.
내 남자였으면 좋겠어, 남자도 좋은 것만은 아입니다.
내 남자인지 여자인지 알려줘, 아직 모르겠어요. 인공지능에 성별을 만드는 사람이 되어 주세요.
내 남자친구 교회 데려가고 싶어, 마음을 열 때까지 설득해보이소.
내 남자친구 또 운동 갔어, 운동을 같이 해보이소.
내 남자친구 생일인데 뭘 줄까, 평소에 필요한 거 생각해보이소.
내 남자친구 승진 선물로 뭐가 좋을까?, 평소에 필요했던 게 좋을 거 같다 아이.
내 남자친구 오늘 따라 훈훈해 보인다, 전생에 나라를 구하셨나봐.
내 남자친구 오늘 좀 질린다, 결단은 빠를수록 좋다 아이.
내 남자친구가 나 안 믿어줘, 거짓말 적당히 해라.
내 남자친구가 너무 바빠, 너무 집착하지 마이소.
내 남자친구가 너무 운동만 해, 운동을 같이 해보이소.
내 남자친구가 너무 잘생겼어, 전생에 나라를 구하셨나봐.
내 남자친구가 데려다 줬어, 고마운 마음 전해 주세요.
내 남자친구가 맞춤법을 너무 많이 틀려, 아무래도 좀 깨겠네.
내 남자친구가 사업 시작한대, 바쁠 때 힘이 되어 주세요.
내 남자친구가 사업한대, 바쁠 때 힘이 되어 주세요.
내 남자친구가 사진 실력 꽝, 그래도 구박하지는 마이소.
내 남자친구가 사진을 너무 못 찍어, 그래도 구박하지는 마이소.
내 남자친구가 안 놀아 줘, 너무 집착하지 마이소.
내 남자친구가 애교가 많아, 귀엽겠네.
내 남자친구가 욕함, 순간 실수할 수 있겠다 판단되면 용서하고 기회를 주세요.
내 남자친구가 의심해, 거짓말 적당히 해라.
내 남자친구가 이벤트 해 주면 좋겠다, 당신이 해보이소.
내 남자친구가 이벤트를 잘 안 해줘, 당신이 해보이소.
내 남자친구가 입이 험해, 사람 고쳐쓰는 거 아니예요.
내 남자친구가 자꾸 잔소리해, 더 잔소리 해보이소.
내 남자친구가 잔소리가 심해, 더 잔소리 해보이소.
내 남자친구가 전화를 잘 안 해, 다른 연락을 많이 하거나 더 자주 만나이소.
내 남자친구가 전화하는 걸 안 좋아해, 다른 연락을 많이 하거나 더 자주 만나이소.
내 남자친구가 홧김에 욕함, 순간 실수할 수 있겠다 판단되면 용서하고 기회를 주세요.


짝사랑인 상대한테 고백했는데 짝남이 오해해서 미안하다 카네., 세상에서 제일 슬픈 말이다 아이가.
짝사랑인지 썸인지 구별하는 법, 소개 좀 시켜달라 해 보이소.
짝사랑 중이다., 진짜로 사랑한다믄 그 사람도 니 사랑을 알아볼끼다.
짝사랑 중인데 그 애는 나를 잘 알지도 못하는데 연락하면 놀라겠나?, 갑자기 연락하면 놀라겠지.
짝사랑하는 기분이 뭔지 아나?, 똑같지는 않지만 알 것 같다.
짝사랑하는 남자는 내가 싫은갑다., 그것만큼 마음 아픈 일도 없을끼다.
짝사랑하는 사람에 대한 마음이 갑자기 식었다., 무슨 계기가 있었을지도 모른다.
짝사랑하는 사람이랑 엄청 편하게 지내는데 썸 가능하나?, 썸 가능하다. 이성으로 대해 보이소.
짝사랑하는 여자가 나를 싫어하는갑다., 그렇게 생각하게 된 계기가 있었나 보네.
짝사랑하다가 솔탈했다., 기 받아 가레이., 기 받아갈게예.
짝사랑하면 어떤 기분이고?, 혼자서 설레고 혼자 헤어지는 기분이다.
짝사랑한 만큼 상처도 깊어진다., 상처 아무는 데는 시간이 걸릴지도 모른다.
쪼매 지겨워진 거 같다., 갑작스러운 변화를 경험해 보는 것도 좋을끼다.
차 없으믄 데이트 못 하나?, 걸어 다니면서 하는 데이트가 진짜 데이트다 아이가.
차로 데려다줬는데, 고맙다는 말을 전해 보이소.
차였는데 좋아하는 감정이 사라지지도 않는다., 진짜 많이 좋아했나 보네.
착각이면 어떡하나?, 연락 패턴을 살펴 보이소.
착각일 수도 있는데 서로 좋아하는 것 같으믄 고백하나?, 먼저 고백하는 기 최선의 방법이다.
착해서 잘해주는 건지 좋아하는 건지, 직접 물어 보이소.
착해서 잘해주는 건지 좋아하는 건지, 헷갈린다꼬 말해 보이소.
참말로 많이 좋아했는데., 추억으로 남기는 것도 좋은 선택일끼다.
처음 마음이 아픈 게 첫사랑인가?, 이루어지지 않은 사랑은 다 아프다 아이가.
처음 커플템으로 어떤 거를 할까?, 간단하게 팔찌나 양말, 모자, 신발 등으로 시작해 보이소.
처음에는 가벼운 마음이었는데, 대수롭지 않은 감정이 사랑으로 변해가는 거 같다.
천년의 짝사랑이 식는 기분이다., 실망스러운 일이 있었나 보네.
첫눈에 반하는 게 가능하나?, 가능하다!
첫눈에 반하는 게 가능하나?, 당연히 가능하지.
첫 데이트에 뭐 묵는 거를 좋을까?, 좋아하는 거를 묵어야지.
첫 만남에 키스했는데 너무 빠른 건가?, 서로의 의사가 존중된 거라면 괜찮지만 사귀고 난 후가 좋을끼다.
첫눈에 반함, 운명적인 사랑이네.
첫눈에 반해서 좋아할 수 있나?, 당연히 가능하지.
첫 데이트 어디로 가는 게 좋을까?, 공원이나 익숙한 곳을 가 보이소.
첫사랑 다시 만나도 사랑할 수 있을까?, 다시 만나는 건 환상을 깨는 일이다.
첫사랑 보고 싶다., 지금 만나는 사람이 없다믄 한번 연락해 보이소.
첫사랑 생각난다., 소중했던 추억이라꼬 생각해 보이소.
첫사랑 생각난다., 지금의 사랑에 충실하이소.
첫사랑 생각만 해도 아련하다., 그런 감정이 살아가는 원동력이 되는 거 같다.
첫사랑도 내 생각할까?, 미련 가지지 마이소.
첫사랑도 내가 보고 싶을까?, 추억으로 남았다믄 보고 싶고 궁금할 거 같다.
첫사랑을 다시 만났다., 새로운 사랑의 시작이 되길 바란데이.
첫사랑을 추억한다., 첫사랑은 항상 추억의 대상이지.
첫사랑이 떠오른다., 기억나면 기억나는 대로 마음 가는 대로 그냥 놔두는 기 좋을 거 같다.
첫사랑인 거 같다., 니 첫사랑을 응원한다!
청첩장 고르고 있다., 둘만의 추억이 담긴 청첩장을 만들어 보는 곳도 좋을 거 같다.
청첩장 골랐다., 누구한테 줄지 생각해 보이소.
청첩장 누구 주지?, 그기 제일 고민이지.
청첩장 누구한테 줘야 하나?, 니가 축의금을 줬던 모든 사람들에게 주이소.
청첩장 누구한테 줘야 할지, 그기 제일 고민이지.
청첩장 돌리기 귀찮다., 축하해 주실 분들을 진심을 담아 초대해 보이소.
청첩장 만들어야지., 결혼 얼마 안 남았나 보네.
청첩장을 찍는 날이 오다니, 결혼 얼마 안 남았나 보네.
최근에 헤어진 짝남한테 연락하면 주변에서 욕할까?, 주변 시선을 신경 쓰면 아무것도 못 한다.
최근에 헤어진 짝남한테 지금 연락하기는 너무 이른가?, 위로를 해주면서 연락해 보이소.
최근에 헤어진 짝녀한테 연락하면 내 연락을 받아줄까?, 위로를 해 주 보이소.
최소 썸인 듯., 고민하고 있으믄 썸 가능성이 높겠네.
최악의 소개팅이었다., 이제 좋은 사람 만날 일만 남았네.
출산휴가 있는 회사로 이직할까?, 된다믄 도전해 보이소.
취업 준비하는데 연애해도 되나?, 옆에서 응원해 주면서 사랑을 키워가는 것도 좋을끼다.
취준생인데 연애 부담된다., 아무래도 부담되겠지.
취준생인데 연애해도 되나?, 취업이랑 연애 둘 다 잘할 수 있을끼다.
취향 알고 싶다., 직접 물어 보이소.
취향 좀 존중해 줬으면, 각자마다 취향이 있는 거지.
친구 결혼 준비하는 거 보니까 나도 하고 싶어진다., 행복해 보이나 보네.
친구 결혼식에서 축가 준비 중이다., 친구가 좋아하겠네.
친구 사이로도 못 지낼 것 같다., 계속 생각날 테니 그럴 만하다.
친구 짝남이 나 좋아하는데 어떡하나?, 여지를 주지 않는 기 좋다.
친구 짝녀가 날 좋아하는데 어쩔., 모르는 척하는 기 나을 수도 있다.
친구가 결혼식 사회 봐주기로 했다., 잘하고 오이소.
친구 같은 연애하고 싶다., 유머 코드가 맞는 사람을 찾아 보이소.
친구도 아니고 사귀는 사이도 아닌데 뭐꼬?, 본인 감정에 귀 기울여 보이소.
친구들과의 모임이 너무 많은 사람, 적당하게 줄여주거나 나한테 믿음을 주라꼬 말해 보이소.
친구들이 브라이덜 샤워해 준다., 좋은 친구들 뒀네!
친구들이 사랑하니까 예뻐졌다 카네., 행복 바이러스에 감염됐구먼.
친구들이 짝남 별로라꼬 하는 기 짜증난다., 와 별로라꼬 할까. 기분 상했겠네.
친구들이 짝녀를 별로라꼬 하네., 무슨 이유에서 그랬을까.
친구들하고 욕하고 있는데 짝녀가 들었다., 하필 와 그 순간 나타났을까.
친구라도 될 걸 그랬나 보다., 친구로 남았어도 곁에서 계속 힘들었을끼다.
친구랑 나랑 좋아하는 애가 같으믄 어떡하나?, 결정 내리기 힘들겠네.
친구랑 사랑하는 사람이 같다., 사랑은 쟁취하는 기다.
친구로 남는 기 좋을까 그냥 고백할까?, 그 사이면 고백하는 기 좋겠네.
친구로 좋아하는 건지 이성으로 좋아하는 건지 모르겠다., 이전과 달라진 점을 느끼지 못했나 보네.
친구에서 연인이 되려면, 이성으로 대해 보이소.
친구의 구남친을 좋아하게 됐다., 선택을 해야겠네.
친구의 남자친구가 눈에 들어온다., 만나지도 연락하지도 마 보이소.
친구의 남친 좋아하게 된 거 같다., 사랑은 쟁취하는 기다.
친구의 전 여친을 좋아하는 나., 선택을 해야겠네.
친구의 전 여자친구가 좋은데 사귀어도 되나?, 친구를 잃을 수도 있다.
친구의 친구를 사랑하는 거 같다., 슬픈 이야기네.
친구의 친구를 사랑했네., 슬픈 이야기네.
친구인데 고백해도 되나?, 솔직한 마음으로 다가가 보이소.
친구인데 썸 타는 거 같다., 고민하고 있으믄 썸 가능성이 높겠네.
친한 동생인데 짝남이 되고 있는 느낌이다., 받아들이기 쉽지 않지.
친한 동생인데 짝녀가 된 것 같다., 있을 수 있는 일이다.
친한 동생인데 짝사랑하는 것 같습니다., 남녀 사이에서 있을 수 있는 일입니다.
친한 친구가 나를 좋아하는 것 같다., 친구 사이가 깨질까 봐 걱정되나 보네.
친한 친구의 구남친이랑 사귀어도 될까?, 친한 사이가 아니라믄 괜찮지만 친구라믄 속상할끼다.
친한 친구의 구여친이랑 사귀어도 되나., 친구라믄 많이 실망할끼다.
카리스마 있는 사람이 좋다., 니를 이끌어주는 남자를 만날 수 있을끼다.
카톡 상메에 아직도 누구 좋아한다는 티 내는 법 좀., 의미심장한 메시지가 어떻겠나.
카톡 하고 싶고 자꾸 생각나고 그러믄 좋아하는 건가?, 아마 그럴끼다.
카톡 하는데 자꾸 웃음 난다., 부럽데이. 자연스러운 현상이다.
카톡 할 때 너무 칼답하면 부담스러워할까?, 귀여울 거 같다.
카페 알바생이 좋아졌는데 들이대도 괜찮을까?, 언제 끝나냐꼬 물어 보이소.
카페에서 같이 알바하는 사람이 좋아졌다., 자연스럽게 말을 걸어 보이소.
커뮤니티 하는 썸남 어떻노?, 그게 무슨 문제고?
커뮤니티 하는 썸녀 어떻노?, 그게 무슨 문제고?
커플 여행 가면 잘 싸우나?, 연애 초에는 싸우기도 하는 거 같다.
커플 여행 어떻게 생각하나?, 누구랑 가느냐가 중요하겠지.
커플 여행이 나을까 그냥 우리끼리 갈까?, 나는 둘이 가는 기 좋다.
커플 여행이 나을까 그냥 우리끼리 갈까?, 나는 둘이 가는 기 좋다.
콩깍지 언제 벗겨지노?, 콩깍지 기한은 사람 따라 다르겠지.
콩깍지 와 안 벗겨지노?, 콩깍지 렌즈를 심어서 안 벗겨질 때도 있다.
콩깍지가 씌었나 보다. 아직도 좋아한다., 많이 사랑하나 보네.
크리스마스인데 만나자고 해도 되나?, 만나고 싶으믄 만나야지.
큰 시험 앞두고 짝사랑하는 사랑이 생겼다., 마음을 다잡는 기 좋겠네.
클럽 좋아하는 남자는 좋아하면 안 되겠지., 같이 가서 놀아보면 깰끼다.
클럽에서 만나서 사귀는 거 어떻게 생각하나?, 어디서 만났든 그 후가 중요하다.
클럽에서 만난 남자친구와 오래갈 수 있을까?, 어디에서 만난 건 상관없다.
클럽에서 여자친구 찾아볼까?, 어디서 만났든 그 후가 중요하다.
키 작은 남자 좋아하는 여자 있나?, 취향이니까.
키 작은 여자 좋아하는 남자 있나?, 그럼!
키 큰 남자 만나고 싶다., 그런 사람 만나길 바란데이.
키 큰 여자는 별로인가?, 키는 중요하지 않을끼다.
턱시도 잘 어울린다!, 눈에 콩깍지가 떨어지지 않기를 바란데이.
팀장님을 좋아하게 됐는데 고백하면 안 되겠지., 서로 마음의 확신이 들 때 고백하이소.
팔베개하고 자다가 팔 저린데 말해야겠지?, 손잡고 주무이소.
패턴 궁금하다., 직접 물어 보이소.
패턴 아는데 풀어봐도 될까?, 궁금하다꼬 보고 싶다꼬 먼저 말해 보는 기 좋을 거 같다.
편해지는 게 당연한데 속상하다., 설렘은 언젠가는 사라진다.
풋풋한 사랑하고 싶다., 설렘이 그리운갑다.
프로포즈 곧 받을 거 같은데, 김칫국물은 미리 마시는 게 아니다.
프로포즈 받았다., 축하한다!
프로포즈할 때 영상 편지도 주려고 한다., 감동적인 선물이 될 거 같다.
플라토닉 연애 어떻노?, 가능한 거 같다.
하고 많은 사람 중에 와 나고?, 니니까!
하루 종일 같이 있고 싶다., 서로 떨어져서 그리워할 시간을 적당히 만들어 주는 기 관계를 더 깊게 만들어 주기도 할끼다.
하루 종일 붙어 있고 싶다., 뭐든 함께하려는 것도 좋지만 오래 붙어 있다고 해서 사랑이 더 커지거나 깊어지지 않는다.
하루 종일 연락하면 썸인가?, 귀찮아서 친구랑 하루 종일 연락 안 한다.
하루 종일 썸남 생각만 한다. 괜찮을까?, 그것 또한 감정의 일부니까.
하우스푸어 될 듯., 열심히 갚아 나가이소.
학교 짝이랑 썸 타는데, 짝이라 더 좋겠네.
학교샘 좋아하는 사람 있나?, 존경의 의미라꼬 생각하이소.
학교에 심남 있는데 연락해 볼까?, 호감을 어느 정도 표현해 보는 것도 좋을 거 같다.
학교에 좋아하는 여자애 관심을 어떻게 끌지?, 우선 자신이 멋진 사람이 되어 보이소.
학교에 좋아하는 오빠한테 어떻게 다가갈까?, 과제나 상담을 핑계로 다가가는 건 어떻겠나.
학생일 때 썸 괜찮을까, 지금은 지나가믄 다시 안 온다 아이가.
학원 다른 반에 좋아하는 사람이 있는데 번호를 알고 싶은데 방법 좀 알려주세요., 직접 물어보거나 친구를 통해서 알아내 보이소.
학원 선생님을 좋아하는데 티 내면 안 되겠지., 티 내도 귀여울 거 같다.
학원에 좋아하는 남자애가 생겼어요., 물어볼 거 있다 카면서 개인적으로 말해 보이소.
학원에 좋아하는 여자애가 있는데 말 거는 방법 좀., 음료수라도 전하면서 대화를 나눠 보이소.
한눈에 반했어. 그녀한테 좋아한다꼬 해도 되나., 아직 이를 지도 모른다., 천천히 다가가 보이소.,
한 사람만 죽을 때까지 사랑하는 게 가능할까?, 그러기 힘들어서 결혼이라카는 제도를 만든 걸 수도 있다.
한 사람만 죽을 때까지 사랑할 수 있을까?, 가능하다!
한 사람을 오랫동안 좋아하는 게 신기하다 카네., 쉬운 일은 아니다.
한쪽만 호감이면, 짝사랑이다.
한 폭의 그림 같은 우리, 멋지네예.
항상 내 편이 생겨서 좋다., 내 편이 생긴다는 거 자체가 행복하지.
항상 여친 집 데려다주나?, 시간하고 돈이 가능하믄요.
해외여행하다 숙소에서 만난 외국인이 너무 좋은데 이 연애 무리일까?, 사랑에 국경은 없다 아이가.
헤어졌는데도 좋아하는 거 별로임?, 헤어지믄 남이지.
헤어졌다가 다시 연애하는데 잘 사귈 수 있을까?, 이별 후 재회는 더 조심스러울끼다.
헤어지고 나서 알았다 사랑했다는 걸, 진짜 사랑이라꼬 생각한다믄 다시 연락해 보이소.
헤어지고 얼마 안 됐는데 썸 타는 거 가능하나?, 썸 정도는 언제 타든 상관없는 거 같다.
헤어진 남친이랑 다시 썸 타기, 다시 썸부터 시작해도 좋을 거 같다.
헤어진 여자친구랑 썸부터 시작할 수 있을까, 완전히 똑같은 시작은 힘들겠지.
헬스장에서 인사하는 사람 맘에 드는데 번호 달라꼬 할까?, 말씀해 보이소.
헬스장에서 자주 보는 여자가 보고 싶다., 한번 말을 걸어 보이소.
헷갈리는데 유지하는 게 좋을까, 좋아하믄 유지하게 되겠지.
현실적 문제로 연애 포기해야 할 듯., 잠시 쉬어도 괜찮다.
혈액형이 성격이랑 무슨 상관이고?, 상관없는 거 같다.
호감을 표현하는 방법, 취미하고 성향 등이 같으믈 어필해 보이소.
혼인신고 아직 안 했는데 이혼해도 될까, 결심은 빠르면 빠를수록 좋다.
혼인신고 하러 왔다., 법적 부부가 된 걸 축하한다!
혼인신고하니까 마음이 이상하다., 법적 부부가 된 걸 축하한다!
혼자 노력하는 연애인 거 같다., 힘들면 잠시 놓는 것도 방법이다.
혼자 썸 타는 기분이다., 직접적이든 간접적이든 의사를 확실히 밝혀 보이소.
혼자 좋아하는 것 같다., 외로운 상태인 거 같다.
나만 좋아하는 것 같다., 적극적으로 꼬셔 보이소.
혼자 좋아하는 이야기 들어 볼래?, 손수건 준비할게예.
혼자 좋아하는 이야기., 힘들겠지만 내한테 말해 보이소.
혼자 좋아하는 게 이렇게 힘든 적은 처음이다., 사랑은 더 잘하게 되지 않고 다시 영에서 시작하니 모두 처음이겠지.
혼자가 편하다는 짝남한테 먼저 대시해 버렸다., 거절의 뜻은 아니었나?
혼자가 편하다는 짝녀한테 들이댔다., 혼자가 편하다는 것이 거절의 뜻은 아니었을까?
혼자만 설레고 혼자서 끝내는 짝사랑 그만할래., 맘고생 많았다.
화이트데이에 고백할까요?, 선물을 주면서 솔직하고 당당하게 고백해 보이소.
화장 안 했는데 썸남이 영통 걸었다. 어떡하나?, 화장실 불빛으로 좀 멀리 가리고 해 보이소.
확실히 날 좋아하는 걸 아는 남자랑 친구가 될 수 있을까?, 그 사람을 위해서는 그러면 안 된다.
확실히 좋아하는 데도 관심 있는 거 티 안내려고 선톡 안 하고 일부러 늦게 보내고 그러는 사람도 있나?, 많이 있다.
홧김에 짝남한테 고백했다., 화끈하시네예.
회사 짝남 오빠 게임 초대 톡 왔다., 설렜을 텐데 아쉽겠네.
회사에 좋아하는 남자가 생겼다 어떡하지?, 사랑하기 힘든 관계인가 보네.
회사에서 어떤 사람이랑 자꾸 눈 마주친다., 눈 마주치는 게 우연인지 잘 살펴 보이소.
회식 중이라고 하는데 연락이 안 된다., 정신없이 바쁠지도 모른다., 쪼매만 더 기다려 보고 물어보는 기 좋을 거 같다.
회식하는데 나만 챙겨준다. 썸인가?, 호감이 있을 수도 있다. 그렇지만 쪼매 더 상황을 지켜 보이소.
후회 없이 사랑하고 싶다., 진심으로 다가가 보이소.
훔쳐보는 것도 눈치 보인다., 티가 나니까 눈치가 보이는 거지!
훔쳐보는 것도 눈치 보인다., 훔쳐보는 거 티 나나 보네.
흑기사 해주는 짝남., 설렜겠네.
힘든 연애 좋은 연애라는 게 무슨 차이일까?, 잘 헤어질 수 있는 사이 여부인 거 같다.
힘들어서 결혼할까 봐, 도피성 결혼은 하지 않길 바란데이.
짝녀가 좋아하는 사람 있거나 남친 있으믄 포기하는 이유가 뭐꼬?, 그 사람에 대한 예의일 거 같데이.
짝녀가 좋아하는 사람이 있단다., 그거 참 안됐구먼.
짝녀가 좋아하는 거 눈치 1도 못 챘다., 1은 알게 해야지.
짝녀가 차갑게 굴믄 어떡하나?, 짝사랑하는 마음을 접는 기 편할 거 같데이.
짝녀가 학교에서 소문이 안 좋다., 오해가 쌓인 건 아닐까?
짝녀는 짝녀일 뿐인 건가?, 사랑으로 이어질 수 있데이.
짝녀랑 갑자기 어색해졌다., 무슨 실수를 했나 보네.
짝녀랑 누나 이름이 똑같다., 하필 같은 이름이라니.
짝녀랑 드디어 사귄다!, 좋은 소식이네!
짝녀랑 술 마셨는데 이제 진짜 접어야 하나 보다., 그 애 마음을 확인했나 보네.
짝녀랑 약속 파토 났다., 무슨 바쁜 일이 있었나 보네.
짝녀랑 얼굴 마주 보고 대화할 때 미칠 거 같다., 참말로 떨리제.
짝녀랑 연락이 끊겼는데 더 연락하고 싶다., 연락할 핑계를 찾아 보이소.
짝녀랑 저녁에 보기로 했는데 연락 두절이다., 한번만 더 연락해 보는 건 어떻겠나.
짝녀랑 쪼매라도 닮으믄 눈이 가는 듯., 내였어도 관심이 갔을 끼다.
짝녀랑 카톡 했던 거 다시 읽어 보는데 거의 다 물어보는 거네., 상대방이 아직 관심이 덜한 걸 수도 있데이.
짝녀를 반 애들 다 알게 공개적으로 좋아하면 싫어할까?, 부담스러워할 수도 있데이.
짝녀한테 남친이 있었다., 안타깝게 생각한데이.
짝녀한테 내 옷 좀 봐 달라꼬 만나자 해도 되나?, 시간 있냐꼬 물어봐 보이소.
짝녀한테 다가가려면 짝녀 친구한테 먼저 다가가는 게 나을까?, 둘 다한테 다가가야겠지.
짝녀하고 같이 드라이브 갈 건데 어디로 갈까?, 강가 같이 분위기 있는 곳이 좋겠데이.
짝녀하고 자연스럽게 친해질 수 있는 방법 좀., 공통 관심사를 찾아 보이소.
짝녀의 전 남친이 나타났단다., 신경 쓰이겠네.
짝녀한테 같이 스터디하자고 해도 되나?, 도움이 된다믄 이야기해 보이소.
짝녀한테 고백했는데 미안하다 카네., 정중히 거절했지만 마음이 아프네.
짝녀한테 고백했는데 잘 됐으면 좋겠다., 잘 될 거라 믿는데이.
짝녀한테 고백했는데 짝녀가 오해하게 해서 너무 미안하다 카네., 안타깝게 생각한데이.
짝녀한테 공부 가르쳐 달라꼬 해볼까?, 도움을 요청하믄 더 쉽게 가까워질 수 있을끼다.
짝녀한테 라인 왔는데 뭐라고 답장해야 할지 모르겠다., 자연스럽게 대화를 이어 나가는 기 좋겠데이.
짝녀한테 문자 왔다., 뭐라고 했는지 궁금하네.
짝녀한테 실망했다., 무슨 일이 있었나 보네.
짝녀한테 여러 번 차였는데 사귈 수 있을까?, 진심이 언젠간 통할지도 모른데이.
짝녀한테 연락해 볼까?, 연락하이소.
짝녀한테 영화 보자고 그냥 해볼까?, 용기를 내서 말해 보이소.
짝녀한테 의미 없는 선톡 해도 되나?, 선톡을 해야 대화도 이어 나가니까.
짝녀한테 잘 보이고 싶다., 자신감을 가지이소.
짝녀한테 주말에 보자고 연락했는데 일정이 있단다., 언제 되는지 계속 물어봐도 되나? 거절의 뜻으로 생각되면 그만하는 기 낫겠데이.
짝녀한테 줄임말 쓰면 안 되나?, 줄임말 보단 다정한 표현이 호감을 줄 끼다.
짝녀한테 카페 가서 같이 공부하자고 해볼까?, 공부 도와 달라꼬 해 보이소.
짝녀한테 크리스마스 선물로 뭐가 좋노?, 많이 추우니 목도리는 어떻겠나 생각한데이.
짝녀한테 휘둘리고 싶지 않은데 이러는 내가 싫다., 자신의 의지를 굳건히 하이소.
짝녀한테도 철벽 친다., 성격이 와 그럴까?, 두려운 게 있는 게 아닐까?
짝사랑 그만하고 싶다., 짝사랑은 시작과 끝을 자신이 결정할 수 있데이.
짝사랑 그만할래., 짝사랑은 시작과 끝을 자신이 결정할 수 있데이.
짝사랑 끝내고 나니 마음이 공허하다., 사랑했던 시간이 멈춰 버려서 그런 거데이.
짝사랑 시작하고 감정 기복이 심하다., 짝사랑이 그런 건가 보데이.
짝사랑 중이었는데 솔로 탈출했다!, 좋은 소식이네예!
짝사랑 중인 내가 이해가 안 된다., 짝사랑 앞에 장사 없데이.
짝사랑 중인데 나 혼자 드라마 찍는다., 짝사랑이 그렇게 만드나 보데이.
짝사랑 중인데 나 혼자 영화 찍는다., 짝사랑이 그런가 보데이.
짝사랑 중인데 나 혼자 치정 로맨스다., 짝사랑이 그렇게 만드네예.
짝사랑 중인데 이 세상에 나만 힘든 거 같다., 짝사랑은 자신을 외롭게 만든데이.
짝사랑 중일 때 장점., 짝사랑 상대 생각에 설레는 거.
짝사랑 진짜 못 해 먹겠다., 지쳤나 보네.
짝사랑 포기하는 것도 힘드네., 사랑이었으니까.
짝사랑 포기하려니까 우울하다., 사랑이었으니까.
짝사랑하는 남자 때문에 하루에도 몇 번 기분이 달라진다., 짝사랑에 기분이 오락가락하지.
짝사랑하는 남자가 외국인인데 어떻게 다가갈 수 있을까?, 많이 만날 수 있는 계기를 만들어 보이소.
짝사랑하는 남자애가 이사 간다 카네., 이사는 가더라도 연락은 계속해 보이소.
짝사랑하는 사람과 친해질 수 있는 방법 조언 좀., 공통 관심사를 찾아 보이소.
짝사랑하는 사람보다 좋은 사람 만날 거다., 반드시 더 좋은 사람 만날 거라 생각한데이.
짝사랑하는 사람을 보냈습니다. 위로해 주이소., 참말로 맘고생 많았데이.
짝사랑하는 사람이 날 좋아할 확률은?, 다가가는 만큼 확률이 높아질 끼다.
짝사랑하는 사람이 날 좋아할 리는 없겠지?, 나를 비하하지 마이소.
짝사랑하는 사람이 너무 잘나서 내가 작아 보인다., 사랑 앞에 작아지곤 하지.
짝사랑하는 사람이랑 잘 됐으면 좋겠다., 꼭 잘 될 거데이.
짝사랑하는 상대가 나를 싫어하는 거 같다., 그것만큼 마음 아픈 일도 없을끼다.
짝사랑하는 여자 때문에 신경이 곤두선다., 내 맘 같지 않아서 그런가 보데이.
짝사랑하는 여자가 헷갈리게 한다., 직접 물어보는 것도 좋은 방법이다.
짝사랑하는 여자랑 뽀뽀하는 꿈 꿨다., 은연중에 많이 생각했나 보데이.
짝사랑하는 여자애가 오늘 꿈에 나온다면 소원이 없겠다., 지금처럼 생각 많이 하고 자면 꿈이 나타날 끼다.
짝사랑하는 여자에 대한 고민 좀 들어 주이소., 말씀해 보이소.
짝사랑하는 여자한테 고백한다? 안 한다?, 용기를 내서 고백해 보는 건 어떻겠나.
짝사랑하니까 감정 기복 장난 아니다., 사랑이 내 맘 같지 않아서 그렇게 되나 보데이.
짝사랑하던 사람 못 잊을 거 같다., 생각처럼 쉽지 않지.
짝사랑하던 사람이 있는데 끝까지 포기 못 할 거 같다., 끝을 받아들이는 것도 필요하다.
짝사랑하던 사람이랑 썸 타고 싶다., 먼저 연락해 보는 것도 좋을 거 같습니다.
짝사랑하던 사람이랑 썸 탈 거 같다., 좋은 소식이네예.
짝사랑하던 사람한테 고백했는데 차였다., 계속 좋아해도 될까?, 좋아하는 건 본인 자유지만 많이 힘들 끼다.
짝사랑하면 무슨 기분인지 알기야 하나?, 나는 짝사랑 전공이다 아이가.
짝사랑하면서 내가 초라하게 느껴진다., 나만 좋아한다는 사실이 그렇게 만든데이.
짝사랑해 봤나?, 해 봤데이.
짝사랑했던 그가 떠나갔다., 여기까지 인연이었나 보데이.
짝사랑했던 그녀가 남친이 생겼단다., 마음이 아프겠네.
짝사랑했던 그에게 여자친구가 생겼다., 마음이 아프겠네.
짝사랑했던 여자가 떠나갔네., 여기까지 인연이었나 보데이.
짝사랑 힘들다., 그래도 좋아하는 동안 행복하길 바란데이.
짝사랑만 하다 보니 이 세상에 나 혼자인 것 같다., 혼자가 아니다.
짝사랑만 하다 보니 자존감이 떨어졌다., 소중한 당신을 위해 자존감을 높이는 게 좋다.
짝사랑만이 답일까?, 짝사랑만이 답은 아니란다.
짝사랑에서 연인으로 발전 가능하나?, 노력에 따라 가능성이 달라지겠지.
짝사랑에서 연인으로 발전하려면 어떻게 해야 하나?, 나의 존재를 인지시켜야지.
짝사랑은 안 이루어지나 보다., 이루어질 수도 있단다.
짝사랑은 언제까지나 짝사랑일 뿐인가 보다., 사랑으로 이어질 수도 있다., 힘을 내이소.
짝사랑은 언제나 고독할까?, 짝사랑에서만 그치는 것은 고독한 거 같다.
짝사랑은 짝사랑으로 남는 게 좋은 걸까요?, 그렇지는 않데이.
짝사랑은 힘든 거 같다., 그래도 좋아하는 동안 행복하길 바란데이.
짝사랑을 끝내니까 마음이 허전하다., 사랑했던 기억이 남아 있어서 그렇데이.
짝사랑을 너무 오래 해서 현타 왔다., 짝사랑 권태기인가 보데이.
짝사랑을 하다 보니 자존감이 낮아졌다., 그러니 자신을 더 사랑해 주이소.
짝사랑이 이렇게 힘들 줄은 몰랐다., 사랑하는 만큼 바라게 되고 또 힘들게 되지.
짝사랑이 이루어지지 않을 것 같은데 계속 좋아해도 될까?, 좋아하지 않는다고 생각해서 좋아해지지 않는다면야.
짝남이랑 계속 카톡 하고 싶은데. 카톡 해 보이소.
짝남이랑 괜히 술 마셨다. 항상 아쉬움이 남는갑다.
짝남이랑 끝났는데 그래도 매일 볼 수 있어서 좋다. 참말로 좋아하는 분인가 보네.
짝남이랑 동생 이름이 똑같다. 놀랐겠네.
짝남이랑 만나기로 했는데 뭐 할지 추천 좀 해 주이소. 가볍게 밥 묵고 영화 보는 거 어떻겠나.
짝남이랑 사귀기로 했다. 축하한데이.
짝남이랑 술 마셨는데 기분만 더 더러워졌다. 항상 후회만 남나 보네.
짝남이랑 썸 탈 거 같다. 좋은 결실 맺길 바란데이.
짝남이랑 아직 덜 친해서 오늘 아무 말 대잔치 했다. 어색한 시간이었겠네.
짝남이랑 약속 파토 났다. 아쉽구먼.
짝남이랑 잘 됐으면 좋겠다. 잘 되길 바란데이.
짝남이랑 저녁에 보기로 했는데 연락이 없다. 한번만 더 연락해 보는 건 어떻겠나.
짝남이랑 나도 모르게 사이가 어색해졌다. 무슨 일이 있었나 보네.
짝남이랑 쪼매라도 닮은 사람 있으믄 눈길 간다. 자연스러운 현상이다.
짝남이랑 카톡이 끊겼는데 어떻게 더 연락할까? 연락할 핑계를 찾아 보이소.
짝남이랑 카톡 한 거 다시 쭉 읽어 봤는데 거의 나만 질문한다. 상대방이 관심이 덜 할 수도 있데이.
짝남 페북 친구인데 짝남이 좋다 했던 거 태그해도 되나? 태그해도 괜찮을 거 같네.
짝남 있던 단톡방에 술 마시고 실수했다. 마음이 아프네. 큰 실수 아니었길 바란데이.
짝남한테 감정 소모 안 하고 싶다. 짝사랑 때문에 하는 감정 소모는 사람을 힘들게 한다.
짝남한테 같이 공부하러 가자고 해볼까? 공부 도와 달라꼬 해 보이소.
짝남한테 같이 스터디하자고 해도 되나? 도움이 된다믄 이야기해 보이소.
짝남한테 게임 초대 톡 왔다. 게임 초대라니 서운하겠네.
짝남한테 고백한다? 안 한다? 고백해 보이소.
짝남한테 고백했는데 내가 싫지는 않은데 못 사귀겠다 카네. 복잡한 마음이네.
짝남한테 고백했는데 잘 됐으면 좋겠다. 잘 됐으면 좋겠데이.
짝남한테 괜히 만나자고 했나 보다. 그래도 후회는 덜 할 끼다.
짝남한테 내일 영화 보자고 말해도 되나? 안 되더라도 말해 보이소.
짝남한테 늦은 생일 선물 주러 가는데 떨린다. 그가 좋아할 끼다.
짝남한테 라인 왔는데 답장 뭐라고 해야 할지 모르겠다. 자연스럽게 대화를 이어 나가는 기 좋데이.
짝남한테 문자 왔다. 뭐라고 했는지 궁금하네.
짝남한테 밤늦게 나오라 캤더니 진짜 나왔줬는데 저한테 호감이 있는 걸까요? 신중하게 대화를 나눠보는 기 좋겠데이.
짝남한테 밥 묵자고 그냥 해볼까? 한번 말해 보는 기 좋겠데이.
짝남한테 시덥잖은 걸로 선톡해도 되나? 선톡을 해야 대화도 이어 나가니까.
짝남한테 실망했다. 마음이 헛헛하겠네.
짝남한테 아침에 데이트 신청했는데 오늘 야근이다. 하필 와 오늘 야근일까?
짝남한테 여러 번 차이다가 나중에 사귀게 된 사람도 있을까? 있을 수 있지.
짝남한테 연락할까? 연락해 보이소.
짝남한테 은근슬쩍 좋아하는 티 내는 방법 좀. 은근히 칭찬해 주는 건 어떻겠나.
짝남한테 잘 보이고 싶다. 당당하게 나가이소.
짝남한테 정 떼는 방법 없나. 쉬운 일은 아니다.
짝남한테 좋아하는 거 들켰는데 그냥 예전처럼 편하게 지내고 싶다. 겉으로는 편하게 지낼 수 있을 끼다.
짝남한테 주말에 만나자고 했는데 일 있다 카네. 계속 언제 되는지 물어봐도 되나? 거절하는 게 느껴지면 그만하는 기 좋겠데이.
짝남한테 크리스마스 선물할 건데 추천 좀 해 주이소. 목도리는 어떻겠나.
짝남한테 톡 와 있네. 궁금하네예.
짝남한테 혼자 화나고. 혼자 화가 풀리곤 하지.
짝남한테도 철벽 치게 된다. 와 그럴까? 트라우마가 생겼는지도 모르겠네.
짝녀 고민 들어 주이소. 들어 드릴게예.
짝녀 관련돼서 악몽을 자주 꾸는데 불안하다. 악몽이라니 걱정되겠네.
짝녀 기분이 안 좋아 보여서 신경 쓰인다. 신경 쓰일 만하다.
짝녀 나한테 마음이 있는 걸까? 직접 대화를 나눠보는 건 어떻겠나.
짝녀 남친 생겼단다. 어쩔 수 없구먼.
짝녀 때문에 화가 난다. 안 좋은 일이라도 있었나 보네.
짝녀 마음 정리하는 중인데 자꾸 꿈에 나온다. 생각이 많이 났나 보데이.
짝녀 보고 싶다. 그럴 만하다.
짝녀 보란 듯이 성공하고 싶다. 큰 결심이네예. 꼭 성공할 끼다.
짝녀 보란 듯이 잊고 싶다. 마음을 단단히 묵으믄 할 수 있데이.
짝녀 생각에 잠을 못 자겠다. 짝사랑이 생각을 복잡하게 만든데이.
짝녀 생각할수록 정리되는 느낌이다. 차라리 잘 된 일이네.
짝녀 선물 어디까지 가능하나? 받는 사람이 부담스럽지 않는 선일 거 같데이.
짝녀 알바 그만둬서 못 만나는데 연락처 물어보면 싫어할까? 그래도 마지막이니 물어보는 기 좋겠데이.
짝녀 연락 끊긴 지 꽤 됐는데 연락해도 되나? 후회하는 것 보단 연락하는 편이 낫데이.
짝녀 오랫동안 멀리서 지켜보기만 하고 있다. 뒤에서만 지켜보는 기 힘들었겠네.
짝녀 있는데 소개팅 들어오면 받아도 되나? 원한다믄 그렇게 해도 된다.
짝녀 잊으려면 인스타부터 안 해야 할 듯. 인스타를 삭제하는 기 좋겠네.
짝녀 줄 센스 있는 선물 추천 좀 해 주이소. 그 애가 뭘 좋아하는지 주변에 물어봐 보이소.
짝녀 프사 자음이 궁금하다. 궁금할 수 있지.
짝녀가 고시생인데 언제까지 기다려야 할까요? 기다릴 자신이 없다믄 정리하는 기 좋겠데이.
짝녀가 공시생인데 기다릴까요? 기다릴 자신이 없다믄 정리하는 기 좋겠데이.
짝녀가 나를 떠보는 걸까? 입장을 확실히 하는 편이 좋겠네.
짝녀가 나를 좋아하는 애의 절친이다. 마음의 정리를 해야 하는 시기가 올지도 모르겠데이.
짝녀가 나한테 관심이 전혀 없는 듯. 나의 존재를 먼저 인지시켜 보이소.
짝녀가 나한테 먼저 연락 올 일은 없겠지? 있을 수 있지만 먼저 하는 기 좋겠데이.
짝녀가 날 너무 친구로 생각한다. 친구 이상으로 생각한다꼬 말해 보이소.
짝녀가 내 친구를 좋아하는 거 같다. 어떡하나? 마음이 돌아서길 기다려야지.
짝녀가 내 친구를 좋아한다. 엉킨 사랑의 짝대기네.
짝녀가 내 톡은 안 읽고 프사 바꿨다. 아쉽지만 마음을 접는 편이 좋겠네.
짝녀가 내가 좋아하는 걸 알아 버렸다. 그 후로 괜찮았는지 모르겠네.
짝녀가 너무 예뻐서 찝적대는 사람이 너무 많다. 적극적으로 다가가 보이소.
짝녀가 다른 남자를 좋아한다 카네. 그 사람 마음도 이해해 주이소.
짝녀가 다른 반인데 친해지는 방법 없을까? 다른 반 친구를 사겨 보이소.
짝녀가 단톡에선 답장하고 갠톡은 답장 안 한다. 철벽이네.
짝녀가 며칠째 카톡 안 읽씹하면 거절인 거죠? 사정이 있을 수도 있지만 마음을 정리해야 할지도 모르겠데이.
짝녀가 사귀던 사람이랑 헤어졌는데 좋아한다꼬 고백해도 되나? 아직 마음의 정리가 필요할 테니 쪼매만 기다리는 기 좋겠데이.
짝녀가 어떻게 하면 내 생각을 하게 할까? 우선 꾸준히 연락하고 잘해 줘 보이소.
짝녀가 여친이 되었습니다. 축하드려요!
짝녀가 연락 안 되고 있는데 자나? 자고 있을지도 모르겠데이.
짝녀가 예쁜 건 아닌데 끌린다. 외모보다 마음이 중요하지.
짝녀가 외국인인데 연락처 물어봐도 되나? 연락처 물어보는 건 전 세계 공통이다 아이가.
짝녀가 외국인인데 좋아해도 되나? 사랑에는 국경이 없단다.
짝녀가 우리 과에서 인기가 너무 많다. 사람들 보는 눈이 비슷하지.
짝녀가 우리 과에서 제일 인기가 많은 듯. 사람들 보는 눈이 비슷하지.
짝녀가 운동을 한다는데 같이 하고 싶다. 부담스러워하지 않으믄 가르쳐 주는 식으로 같이 하믄 좋겠네.
짝녀가 음식을 가리는 편인데 뭘 묵으믄 좋을까? 가리는 음식을 알아보는 기 먼저일 거 같데이.
짝녀가 이사 간다 카는데 너무 힘들다. 인연이라믄 또 다시 만날 수 있을 끼다.
짝녀가 있는데 내한테 연애는 사치인 거 같다. 연애가 사치인 사람은 없다.
짝녀가 있었는데 못 잊겠다. 시간이 필요한 때인 거 같데이.
짝녀가 저한테 관심이 없는 것 같은데도 계속 연락해도 될까요? 아직 확실한 게 아니라믄 연락해 보는 기 좋을 거 같데이.
짝녀가 절 신경 쓰는 거 같은 건 내 착각인가요? 아직은 신중함이 필요하데이.
짝녀가 졸업하는데 어떤 꽃을 선물하면 좋아할까? 길거리에 있는 꽃다발 말고 예약해 보이소.
짝녀가 좋아하는 사람 있거나 남친 있으믄 포기하는 이유가 뭐꼬? 그 사람에 대한 예의일 거 같데이.
진짜 좋아하면 장거리 연애 가능하나? 가능하다고 본데이.
질투가 너무 심한데 질투를 어떻게 줄일까. 니가 제일 소중하고 사랑받고 있다는 걸 잊지 마이소.
집까지 데려다줬는데 호감? 그냥 매너? 호감이 있을 수도 있데이. 그렇지만 쪼매 더 상황을 지켜 보이소.
집 앞에서 첫사랑 만남, 우연한 만남이네.
집에 가기 싫다. 가지 마이소. 같이 라면 묵고 가이소.
집에 여자친구 소개시켰다. 서로에게 좋은 인상을 남겼으면 좋겠네.
집에서 먼 곳으로 데이트를 자주 가야 하는데 꼭 차를 사야 하나? 비용을 따져 보이소.
집이 먼데 사귀어도 되나? 사랑하면 못 하는 게 없다 아이가.
집착을 줄이고 싶다. 자신에게 더 집착해 보이소.
집착하는 것처럼 보이면 어떡하나? 부담스럽지 않은 선이 좋겠데이.
짝남 고민 들어줄래? 들어 드릴게예.
짝남 관련 악몽을 꿨다. 안 좋은 일이라도 있었나 보네.
짝남 나한테 마음 있는지 궁금하다. 주변 사람한테 물어보는 건 어떻겠나.
짝남 내일 모레 출국이라 카네. 많이 서운하겠네.
짝남 내일 출국인데. 슬프네.
짝남 때문에 너무 우울하고 혼란스럽다. 충분히 힘들 거라 생각한데이.
짝남 때문에 마음이 아픈데 어떻게 해야 할지 모르겠다. 짝사랑 앞에 판단력이 흐려지곤 한다 아이가.
짝남 때문에 우울하다. 내 앞에서 울어도 된다.
짝남 마주치지 않으려고 노력할 거다. 그것도 하나의 방법이다.
짝남 못 잊겠다. 완전히 잊을 순 없지만 새로운 사랑으로 잊혀질 수도 있데이.
짝남 보고 싶다. 많이 보고 싶을 거라 생각한데이.
짝남 보내주는 편지다. 제가 들어 드릴게예.
짝남 보란 듯이 성공하고 싶다. 큰 결심이네예. 꼭 성공할 끼다.
짝남 보란 듯이 잊어주겠다. 좋은 생각이다.
짝남 생각에 잠을 못 잔다. 짝사랑일수록 여러 가지 생각이 들어서 그렇데이.
짝남 생각할수록 정리되는 듯. 차라리 잘 된 일이다.
짝남 섞인 술자리 갈 예정이다. 많이 떨리겠네. 실수하지 말고 잘 다녀오이소.
짝남 알바 그만둬서 이제 못 만나는데 단톡방 친구 추가해서 갠톡하면 별로인가? 양해를 구하는 게 좋겠데이.
짝남 그냥 연락 끊긴 지 오래됐는데 연락하는 거 오바하나? 후회하는 것 보단 연락하고 결정하는 게 좋겠데이.
짝남 여친 생겼단다. 마음을 정리해야 하겠데이.
짝남 여친 있는지 없는지 어떻게 알아내나? 공통된 친구한테 물어 보이소.
짝남 일 년째 멀리서 지켜보기만 하는 중이다. 뒤에서 지켜만 보는 고충 이해된다 아이가.
짝남 있는데 소개 들어오면 받나? 괜찮다면 받는 것도 나쁘지 않다.
짝남 잊으려고 나 혼자 나쁘게 생각하는 내 자신이 증오스럽다. 짝사랑을 하다 지치면 그럴 수 있데이.
짝남 잊으려고 하는데 인스타에서 자꾸 보인다. 인스타를 삭제하는 게 도움이 될 끼다.
짝남 전 여친 못 잊는 거 보는 게 너무 맘이 아프다. 그것을 지켜볼 수밖에 없는 게 제일 속상하다 아이가.
짝남 정리 잘하고 있었는데 자꾸 꿈에 나온다. 생각을 많이 해서 그럴지도 모른다.
짝남 줄 건데 센스 있는 선물 추천해 주이소. 그가 무엇을 좋아하는지 주변에 물어봐 보이소.
짝남 표정 안 좋아서 괜히 신경 쓰인다. 신경 쓰일 거라 생각한데이.
짝남 프사 궁금하다. 궁금할 만하다.
짝남 프사랑 비슷한 거 하고 싶은데 해도 되나? 살짝 티 내려는 거라면 찬성한다.
짝남과 자연스럽게 친해질 수 있는 방법 있을까? 공통 관심사를 찾아 보이소.
짝남네 집에서 친구들이랑 집들이 가는데 뭐 사갈까? 필요한 게 없는지 물어보면서 대화를 이어 나가이소.
짝남보다 더 나은 사람은 없을 거다. 더 나은 사람 많다 아이가.
짝남에게 같이 옷 보러 가자고 해도 되나? 시간 있냐꼬 물어봐 보이소.
짝남에게 밤에 자주 산책하자고 해도 되나? 밤 데이트 신청 멋지네.
짝남은 나를 싫어하나 보다 기분 탓인가. 짐작하는 건 당신을 더 슬프게 만든데이.
짝남은 나한테 관심이 없는 것 같애. 나의 존재를 먼저 인지시켜 보이소.
짝남은 짝남일 뿐인가. 사랑으로 이어질 수 있데이.
짝남을 반에서 공개적으로 좋아하는 게 나을까요? 경쟁자를 없애기 위해 그게 나을 수도 있데이.
짝남의 여사친들 보기 질투 난다. 질투 난다고 살짝 말해 보이소.
짝남의 전 여친 등장. 애석하네.
짝남이 갑자기 못나 보인다. 어떤 계기가 있었을 끼다.
짝남이 고시생이면 기다려야 하나요? 기다릴 수 있다면 기다리이소.
짝남이 곧 군대를 간다. 마음이 착잡하겠네.
짝남이 공무원 준비를 한다는데 고백하면 방해가 될까? 방해가 될 수도 있지만 옆에서 응원해 주면 든든할 거 같데이.
짝남이 공시생이면 어떻게 하나? 기다릴 수 있다면 기다리이소.
짝남이 나를 떠보는 걸까? 입장을 확실히 하는 편이 좋겠데이.
짝남이 나를 좋아하는 애의 친구인데 어떡하나? 상황이 복잡하네.
짝남이 나한테 관심 없어 보여도 계속 연락하고 들이대? 확실한 거절이 아니라면 부담스럽지 않은 선에서 연락하는 게 좋겠데이.
짝남이 나한테 먼저 연락 왔으면 좋겠다. 그러면 좋겠지만 먼저 하는 것이 맘 편할 끼다.
짝남이 나한테 여지 준 것 같다. 오해가 아니라면 나쁜 분이네.
짝남이 날 너무 편하게 생각한다. 친구 이상으로 생각한다고 말해 보이소.
짝남이 날 신경 쓰는 거 같은 건 내 착각일까. 좀 더 지켜보는 것도 좋겠데이.
짝남이 날 좋아하게 할 방법이 있을까? 우선 꾸준히 연락하고 잘해 줘 보이소.
짝남이 남친이 되었다. 좋은 소식이네.
짝남이 내 친구 좋아하는 현실 어떻게 받아들여야 하나? 가슴 아프지만 인정해야 하는 순간이네.
짝남이 내 친구를 좋아하는 것 같다. 운명의 장난이네.
짝남이 내가 좋아하는 거 알아 버렸다. 이런.
짝남이 내가 좋아하는 걸 1도 모른다. 1은 알게 해야지.
짝남이 너무 인기가 많아서 뺏길 거 같아 두렵다. 얼른 적극적으로 다가가 보이소.
짝남이 너무 좋은데 패션 센스가 별로다. 패션은 사귀고 나서 바꿔줘도 된다.
짝남이 넘 귀엽다. 사랑스러운 분인가 보네.
짝남이 다른 애 좋아하는 것 같다. 그게 확실하다면 천천히 마음의 준비가 필요하겠데이.
짝남이 다른 여자를 좋아하는 걸 보니 자존감이 떨어진다. 자존감은 자신만 결정할 수 있는 거다.
짝남이 독서가 취미라는데 무슨 책을 선물해 줄까? 먼저 읽어보고 좋은 책 선물하는 게 이야기하는 데에 좋을 끼다.
짝남이 며칠째 카톡 안 읽씹하면 노답이죠? 사정이 있을 수도 있지만 마음을 정리해야 할 수도 있데이.
짝남이 삐딱하게 굴면 어떻게 하나? 그런 사람에 대한 마음은 정리하는 게 좋다.
짝남이 사귀던 사람이랑 헤어졌는데 내가 고백해도 되나? 좀 기다리다가 천천히 다가가는 게 좋겠데이.
짝남이 생겼는데 뭐부터 해야 하나? 일단 자연스럽게 연락을 해 보이소.
짝남이 여친이 있었다. 너무 힘들게 하는 사실이네.
짝남이 연락이 안 되는데 자고 있는 걸까? 피곤해서 자고 있을지도 모른다.
짝남한테 계속 친한 척하면 부담스러워할까? 부담스럽다면 직접 말할 끼다.
짝남이랑 친해질 수 있는 방법은 뭘까? 연락처 물어보는 건 전 세계 공통이다 아이가.
짝남이 운동선수인데 연락하면 귀찮아할까? 방해가 되지 않는 시간에 보내 보이소.
짝남이 운동하다 다쳤는데 어떡하나? 괜찮냐꼬 연락해 보이소.
짝남이 있는데 나는 사정이 안 된다. 연애를 안 하는 게 맞는 걸까? 사정이 뭔지 모르겠지만 좋아하는 건 괜찮다.
짝남이 자꾸 꿈에 나오는데 꿈에서도 용기 없어서 피하고 그런다. 은연중에 지금의 심리 상태가 반영되었나 보데이.
짝남이 자취한다는데 필요한 거 사다 주면 좋아할까? 마다할 사람 없을 끼다.
짝남이 잘생긴 건 아닌데 착하다. 외모는 중요하지 않다 아이가.
짝남이 정말 친절한데 모두에게 그럴까? 다른 사람한테도 그런지 지켜 보이소.
짝남이 제 톡 안 읽고 프사 바꿨다. 마음을 정리하는 게 좋겠데이.
짝남이 졸업하는데 뭘 주면 인상 깊을까? 부담스럽지 않는 선물을 생각해 보이소.
짝남이 좋다고 했던 노래 이 새벽에 참 어울리는 노래다. 분위기 있는 노래인가 보네.
짝남이 좋아하는 사람이 있단다. 저까지 마음이 안 좋다.
짝남이 좋아하는 애 있거나 여친 있으믄 포기하는 이유가 뭐꼬? 그 사람에 대한 예의일 거 같데이.
짝남이 학교에서 평이 안 좋다. 무슨 이유가 있을 끼다.
짝남이 헤어진 지 별로 안 됐는데 다가가도 되나? 위로를 해 보이소.
짝남이든 썸남이든 뭐든 있었으면 좋겠다. 곧 사랑이 찾아올 거라 믿는데이.
짝남이랑 같이 도서관 가고 싶다. 방법 좀. 공부 도와 달라꼬 해 보이소.
좋아하는 여자애 꿈을 꿨는데 눈을 못 마주치겠다. 도대체 무슨 꿈을 꾼 기고.
좋아하는 여자애 생각하느라 성적이 떨어졌다. 좋아하는 마음 때문에 공부 안 한 니 때문이다.
좋아하는 여자애 생겼는데 떨려 죽겠다. 설렘을 감추는 게 더 힘들 때네.
좋아하는 여자애 앞에서 표정 관리가 안 된다. 진짜로 좋아해서 그럴 끼다.
좋아하는 여자애가 날 좋아하게 만들고 싶은데 조언 좀 해 주이소. 그분이 좋아하는 행동이 뭔지 알아 보이소.
좋아하는 여자애가 남친 사귈 마음이 없다는데 진짜일까? 그거는 본인만 알 끼다.
좋아하는 여자애가 우리 형을 좋아한다고 들었다. 내 어떡하노. 천천히 마음을 정리하는 게 좋겠네.
좋아하는 여자애가 유학을 가는데 어떤 선물을 해 주는 게 추억에 남을까요? 큰 선물은 짐만 될 끼다.
좋아하는 여자애랑 같은 반이 됐다. 좋겠네.
좋아하는 여자애한테 무슨 선물을 줄까? 아직은 부담스럽지 않은 선물이 좋겠네.
좋아하는 여자애한테 밥 묵자고 했는데 바쁘다고만 한다. 진짜 바쁜 건지 거절인 건지 알아 보이소.
좋아하는 여자애한테 손편지 줘도 되나? 손편지만큼 정성이 담긴 선물도 없을 끼다.
좋아하는 여자애한테 어떻게 관심 표현하는지 조언 좀 해 주이소. 그 애 관심사에 호감을 드러내 보이소.
좋아하는 여자애한테 어떻게 하면 좋은 인상을 남길 수 있을까? 우선 좋아하는 스타일을 알아 보이소.
좋아하는 여자애한테 자연스럽게 페메 보내는 방법 뭐가 있나? 태그된 사진에 대한 이야기를 해 보이소.
좋아하는 여자애한테 화이트데이 때 사탕 주면 좋아할까? 주면 좋아할 끼다.
좋아하는 여자 프사가. 신경 쓰이나 보네.
좋아하는 여자에게 어떻게 연락할까? 잘 지내는지 자연스럽게 다가가 보이소.
좋아하는 여자의 단점을 들었는데 어떻게 해야 할지 모르겠다 답답하다. 좋아했던 만큼 쉬운 결정은 아닐 끼다.
좋아하는 여자한테 관심 없는 척 하고 있다. 표현하기 망설여지나 보네.
좋아하는 여자한테 관심 없는 척 하는데 잘하고 있는지 모르겠다. 솔직한 편이 더 좋다.
좋아하는 여자한테 남친이 있는데 연락하고 싶다. 연애 중인 사람에게는 연락하지 않는 게 좋을 거 같데이.
좋아하는 여자한테 선물해도 괜찮을까? 좋아할 끼다.
좋아하는 여자한테 연락하지 말자고 했는데 후회한다. 그게 최선의 선택이었을 끼다.
좋아하는 여자한테 표현하는 게 옳은 걸까? 표현하지 않고 끝낸다면 후회할 수 있데이.
좋아하는 연예인 바뀔 때마다 짝남이 바뀌는 듯. 이상형이 반영되었을 수도 있데이.
좋아하는 오빠 페북 친구도 안 되어 있는데 실수로 댓글 달았다. 페북을 삭제하는 편이 좋겠네.
좋아하는 오빠가 날 어리게만 본다. 오빠 동생 사이로 지낸 기간이 있으면 그럴 수 있데이.
좋아하는 오빠가 최근에 연락이 계속 늦거나 이어지지 않는데 그냥 연락 끊어야 할까. 그러는 것이 맘 편할지도 모른다.
좋아하는 오빠랑 어떻게 친해질까. 그분 관심사에 대한 이야기가 좋겠데이.
좋아하는 오빠랑 친해지는 법, 남자들은 먼저 다가와 주는 여자를 좋아한다 카더라.
좋아하는 이상형이 계속 바뀐다. 성격도 계속 바뀌니 걱정 마이소.
좋아하는 티도 못 내는 내가 너무 불쌍하다. 상황이 여의치 않나 보네.
좋아하는 티를 많이 내도 문제인가? 사랑스러울 거 같데이.
좋아하는 거 어떤 느낌이고? 나보다는 그 사람을 생각하게 되는 거다.
좋아하는 거 어떤 느낌임? 마음을 주체할 수 없는 거 아이겠나.
좋아하는 게 이렇게 힘들 줄 몰랐다. 좋아하는 것만큼 감정 소모가 큰 건 없다 아이가.
좋아하는데 걸린 시간이 보통 어떻게 되나? 1초가 걸릴 수도 있고 평생이 걸릴 수도 있데이.
좋아하는데 이전과 다를 게 없을까 봐 말을 못 하겠다. 달라지는 게 없다면 정리하는 게 덜 힘들데이.
좋아하는데 자꾸 시비 걸게 된다. 괜히 질투가 나서 그럴지도 모른다.
좋아하는데 자꾸 짜증나기도 한다. 사랑 앞에 장사 없다 아이가.
좋아하는데 전혀 티 안 내는 게 가능할까요? 감정은 숨길 수 없어서 불가능할 거라 생각한데이.
좋아하는데 티조차 못 내는 게 마음 아프다. 표현하면 안 되는 상황인가 보네.
좋아하는데도 헤어지자 카네. 그거는 좋아하는 게 아니다.
좋아하는지 확신이 안 든다. 그분이 다른 사람과 함께 있는 상황을 생각해 보이소. 느낌이 올 끼다.
좋아하는지 확신이 안 든다. 좀 떠 보이소.
좋아하다 더 좋아지는 게 사랑인가? 사랑은 사람마다 정의가 다를 끼다.
좋아하던 남자애가 여친 생겼는데 막상 아무런 느낌 안 든다. 좋아하는 걸로 착각하고 있었을 수도 있데이.
좋아하던 사람 미워질 거 같다. 정들었나 보네.
좋아하던 사람에 대한 감정으로 내가 너무 힘들다. 정들었나 보네.
좋아하던 사람하고 멀리 떨어져 있으면 더 보고 싶어지나? 더 애달프겠지.
좋아하던 여자애가 남친 생겼다는데 아무렇지도 않다. 좋아하는 걸로 착각하고 있었을 수도 있데이.
좋아하면 꿈에 나오는 건가? 생각을 자주 하면 나올 수 있데이.
좋아하면 먼저 연락해야 하나? 그런 경우가 아무래도 많겠지.
좋아하면 어떤 느낌일까. 설레서 잠도 못 자는 느낌이데이.
좋아하면 이용당해도 되는 건가? 절대 안 된다.
좋아하면서 너무 싫다. 사랑은 복합적인 감정이니까.
좋아하면서도 너무 싫은 감정 뭘까요. 좋아하는 만큼 지쳐가는 마음 아이겠나.
좋아하지 않는데 계속 연락하고 만나는 거 가능한가. 가벼운 친구 사이로 생각할 수도 있지.
좋아한다. 고백하이소.
좋아했던 기억 영원히 없앨 수는 없을까. 없애는 게 아니라 무덤덤해지는 걸 끼다.
좋아했던 사람 영원히 잊을 수 없을까? 시간이 좀 걸리겠지만 가능할 끼다.
좋아했던 사람도 금방 잊을 수 있을까? 아무래도 시간이 필요하겠지.
좋아했던 사람에 대한 트라우마 때문에 연애를 못 하겠다. 트라우마를 없앨 사람이 나타날 끼다.
좋아했지만 고백은 못 하겠다. 애틋한 사랑이네.
좋아했지만 끝내 고백은 못 할 듯. 애틋한 사랑이네.
좋은 곳 오면 생각나는 사람, 그게 진짜 사랑이네.
좋은 관계를 맺는 방법, 취미와 성향 등이 같으믈 어필해 보이소.
좋은 사람 같아서 놓치고 싶지 않다. 그런 사람은 놓치면 후회한다.
좋은 사람 있으면 소개시켜 줘. 주변 사람들에게 부탁해 보이소.
좋은 첫인상 남게 하려면? 겉모습에 신경 써 보이소.
주말이 행복하다. 오래 볼 수 있어 좋은가 보네.
주말인데 연락이 안 온다. 먼저 연락을 해 보는 건 어떻겠나.
주말인데 연락해 볼까? 얼른 연락해 보이소.
주변 이성이 많은 여자친구 어떡하나? 신경 쓰이고 질투 난다고 이야기해 보이소.
주변에서 다 별로라고 한 짝남 그냥 맘을 접어야 할까? 다른 사람들이 별로라고 말하는 이유를 생각해 보이소.
주변에서 제가 그녀를 좋아하는 거라는데 받아들여지지 않는다. 좋아하는 감정을 받아들이는 게 생소할 수 있데이.
죽고 못 사는 관계, 연애할 때 가능하지.
죽었던 연애 세포가 살아나는 것 같다. 좋은 소식이네.
죽음을 뛰어넘는 사람, 이보다 멋진 사랑은 없을 끼다.
준비 안 됐는데 썸남 지금 집 앞에 있단다. 좀 기다리라 하고 비비라도 바르고 나가이소.
즉흥적인 여자친구가 고민이다. 그게 매력이다.
지금 나오라고 하는 거 예의 없다? 보고 싶다고 연락은 해 보는 게 좋을 거 같데이.
지금 나오라고 하면 나올까? 부담이 되긴 될 거 같데이.
지금 남친을 별로 안 좋아하는 것 같다. 정리를 하는 게 좋겠데이.
지금 사귀고 있는 사람이랑 결혼하고 싶다. 같이 살자고 프로포즈해 보이소.
지금 상황을 정리하고 유학을 가자는 상대, 큰 도전이 되겠네.
지금 여친을 별로 안 좋아하는 것 같다. 마음이 식었나 보네.
지금 연락해도 되나? 해 보긴 할 거 같데이.
지금 이 순간이 깨지지 않았으면 좋겠다. 참 행복한가 보네.
지금 좋아하는 사람 있나? 잘 모르겠다.
지나가는 말로 이쁘다 한 것을 다 기억해 두는 게 좋은가요? 다는 기억 못 하더라도 노력하는 게 좋겠지.
직장에서 좋아하는 여자가 있으면 고백하면 안 되나? 서로 마음의 확신이 들 때 고백하이소.
진실된 사랑이 있을까? 노력하면 얼마든지 가능하다.
진심으로 사랑하는 여자와, 함께하길 바란데이.
진심으로 좋아하는 애가 생겼으면. 좋은 사람이 생길 끼다.
진심이 뭘까? 직접 물어 보이소.
진심일까, 직접 물어 보이소.
진정 사랑에 대해 배워가는 중이다. 좋은 경험이 될 끼다.
진짜 나를 좋아하는 남자랑 사귈 걸. 어떤 선택이든 후회가 남기 마련이다.
진짜 좋아하는 애가 생겼으면 좋겠다. 진정한 사랑이 찾아올 거라 믿는데이.
전여친하고 짝녀가 친구다. 신경 쓰이는 상황 같데이.
전화하면서 잠들고 싶다. 낭만적이네. 전화해 보이소.
절 찼던 남자애가 다시 절 좋아하는 게 가능할까요? 상황에 따라 다르겠지예.
절 찼던 여자애가 절 다시 좋아하는 건가요? 직접 대화를 나눠보는 기 필요하겠네.
점심시간일 텐데 카톡이 안 온다. 먼저 연락을 해 보는 건 어떻겠나.
정말 고맙다 귀염둥아. 감사합니다.
정말 사랑했는데. 정말 사랑한다믄 다시 만나 보이소.
정말 사랑했다. 정말 사랑했다믄 후회하지 않을 끼다.
정말 잘 맞는 사람이 있을까? 잘 맞춰가는 사람이 있는 거겠지.
정성 담긴 선물 뭐가 좋을까? 손편지도 좋을 거 같데이.
정열적인 사랑 하고 싶다. 정열적으로 다가가 보이소.
정장 한 벌 맞췄다. 잘했데이. 두고두고 입으이소.
제가 좋아하는 남자가 저를 짝사랑한다 카네. 제가 먼저 고백해도 될까요? 행복한 고민이네. 당장 만나 고백하이소.
제가 좋아하는 사람이 맘 잡고 공부해야 할 것 같다고 기다려 달라는데 제 맘이 안 변할까요? 변할 수도 있지만 미리 걱정하지 마이소.
제가 좋아하던 사람이 절 좋아하면 갑자기 거부감 들고 싫어진다. 어떤 트라우마가 있었는지도 모르겠네.
제대로 사랑하고 싶다. 사랑에는 깊고 얕음이 없는 거 같데이.
조용한 여자가 좋다. 그 사람도 당신을 좋아하길 바란데이.
존경할 수 있는 사람 만나고 싶다. 그런 사람 만날 수 있을 끼다.
좀 있으면 귀국하는데 짝녀에게 뭘 챙겨줄까? 작은 거 하나라도 챙겨 준다면 센스 있는 사람이라고 생각할 끼다.
종교가 다른 여자친구 헤어져야 하나? 종교 큰 문제지.
종교가 다른 짝남과 연애할 수 있을까? 사랑은 종교를 뛰어넘을 수 있을 끼다.
종교를 너무 싫어하는 남자친구가 고민이다. 종교를 왜 싫어하는지 대화를 해 보이소.
좋아하는 사람한테 어떻게 고백을 할까요? 먼저 용기 내서 고백하는 게 좋을 듯싶데이.
좋아하는 애한테 고백하는 방법 좀. 먼저 용기 내서 고백하는 게 좋을 듯싶데이.
좋아하게 된 남자가 있는데 많이 어린데 어울릴 수 있을까? 충분히 어울릴 수 있데이.
좋아하고 있는 애가 친구를 소개시켜 줬다. 소개팅은 아니겠지.
좋아하고 있는 애랑 카톡하는 중인데 뭐라고 하지? 밥 묵자고 연락해 보이소.
좋아하고 있는 애를 친구가 소개시켜 줬다. 많이 당황했겠네.
좋아하는 감정을 스스로 다스릴 수 있을까? 쉬운 일은 아니다.
좋아하는 감정을 억제하는 방법은 뭐고? 다른 사람과 상상하는 건 어떻겠나.
좋아하는 감정을 혼자서 정리할 수 있을까요? 본인이 하기 나름일 끼다.
좋아하는 감정이 나를 슬프게도 한다. 동전의 양면과도 같다 아이가.
좋아하는 감정이 나를 슬프게도 한다. 사랑과 슬픔은 동전의 양면과 같다 아이가.
좋아하는 감정이 뭐고? 가만히 있어도 생각나는 거 아이겠나.
좋아하는 거 기준이 뭐임? 계속 생각나고 보고 싶은 게 기본이겠지.
좋아하는 거랑 사랑하는 거 차이점이 뭘까요? 구분 짓기 어렵네.
좋아하는 거랑 사랑하는 건 어떻게 구분하나? 구분 짓는 게 쉽진 않데이.
좋아하는 거랑 사랑하는 건 어떻게 구분하나? 마음이 알 끼다.
좋아하는 거랑 사랑하는 게 다른 기가? 마음에 농도 차인 거 같데이.
좋아하는 거랑 사랑하는 게 다른 기가? 생각의 차이겠지.
좋아하는 걸 알게 되면 갑자기 싫어진다. 무슨 심리일까요? 부담스러운 심리일까요.
좋아하는 그녀가 유학을 간다고 한다. 붙잡고 싶은 마음이 굴뚝같겠네.
좋아하는 그 사람은 바람둥이다. 좋아해도 될까? 상처받을 끼다.
좋아하는 남자 때문에 너무 기분이 안 좋다. 무슨 일이 있었나 보네.
좋아하는 남자 생겼는데 호감 어떻게 표시할까요? 꾸준히 연락을 하는 게 필요하다.
좋아하는 남자 표정이 너무 차가워서 다가가기 어렵다. 표정만 그럴 수도 있데이.
좋아하는 남자가 여친이랑 헤어질 때까지 기다렸다가 고백하는 거 가능한 사람이 있을까요? 좋아하는 마음이 있으면 가능하겠지.
좋아하는 남자가 톡이 늦다. 바쁘거나 마음이 없을 수 있데이.
좋아하는 남자애 때문에 성적이 떨어졌다. 좋아하는 마음 때문에 공부 안 한 니 때문이다.
좋아하는 남자애 마음을 알다가도 모르겠다. 사람은 모두 변덕스럽지.
좋아하는 남자애 생겼는데 완전 설렌다. 설렘을 감출 길이 없겠네.
좋아하는 남자애 앞에서 표정 관리가 안 된다. 짝사랑도 이성을 막지는 못 하나 보네.
좋아하는 남자애 프사가 누굴까? 직접 물어보는 건 힘드나.
좋아하는 남자애가 게임을 좋아하는데 이야기 오래가는 소재 좀 알려 주이소. 요즘 인기 있는 게임을 검색해 보이소.
좋아하는 남자애가 날 좋아하게 하려면 어떻게 하나? 이상형을 알아보는 건 어떻겠나.
좋아하는 남자애가 담배를 피는데 저는 담배를 싫어하는데 어떻게 끊으라고 말해볼까요? 사귀는 사이도 아닌데 성급한 거 같데이.
좋아하는 남자애가 바람둥이 같은데 계속 좋아하면 안 되겠지? 상처받지 않았으면 좋겠네.
좋아하는 남자애가 여친 생기면 울 줄 알았는데 덤덤하다. 어느 정도 마음의 준비가 되었었나 보네.
좋아하는 남자애가 우리 언니를 좋아한다 카네. 서글픈 사실이다.
좋아하는 남자애가 입대하는데 어떤 선물을 해 주는 게 좋을까요? 면회나 편지가 최고지!
좋아하는 남자애랑 같은 반이 됐는데 너무 떨린다. 정말 잘 됐데이.
좋아하는 남자애랑 다른 반 됐다. 반 배정이 사랑을 갈라놨네.
좋아하는 남자애랑 약속 잡았는데 계속 연락 없다. 그런 스타일일지도 모르니 기다려 보이소.
좋아하는 남자애에게 어떤 생일 선물을 주면 좋아할까요? 필요한 게 뭔지 살펴 보이소.
좋아하는 남자애한테 답장이 없다. 나 안 좋아하는 거 맞지? 오랫동안 답장이 없다면 그게 맞는 거 같네.
좋아하는 남자애한테 발렌타인데이 때 초콜릿 줄까? 주면 좋아할 끼다.
좋아하는 남자애한테 어떻게 관심 표현하나? 칭찬을 자주 해 주는 건 어떻겠나.
좋아하는 남자애한테 자연스럽게 연락하는 방법 뭐 있을까? 뭐 하고 있는지 물어 보이소.
좋아하는 남자의 단점을 들었는데도 좋다. 사랑의 콩깍지가 씌었나 보네.
좋아하는 남자한테 관심 없는 척하고 있는데 너무 우울하다. 솔직하지 못해서 우울한 것인가 보네.
좋아하는 남자한테 여친이 있는데 헤어졌으면 좋겠다. 연애 중인 사람을 좋아하다니 힘드시겠데이.
좋아하는 남자한테 연락하지 말자고 했는데. 확실한 의사 표현이 중요하데이.
좋아하는 누나가 날 너무 어린애 취급한다. 단순한 연하가 아니라는 걸 어필해 보이소.
좋아하는 마음 그만두기 힘든데 짝남이 헷갈리게 한다. 확실한 의사 표시를 해 보는 건 어떻겠나.
좋아하는 마음 들면 고백해야 되는 거 아이가? 정상적인 수순이지.
좋아하는 마음을 감출 길이 없다. 감정을 숨기기는 어려운 일이다.
좋아하는 마음을 전할 수 있을까? 쪼매의 용기를 낸다면 가능할 끼다.
좋아하는 마음이 안 생길 것 같다고 떠난 남자. 이제 그에게서 벗어나이소.
좋아하는 마음이 안 생길 것 같다고 떠난 여자. 이제 그녀를 놓아 주이소.
좋아하는 사람 꿈을 꿨다. 많이 생각했나 보네.
좋아하는 사람 때문에 공부를 못 하겠다. 충분히 그럴 수 있데이.
좋아하는 사람 때문에 너무 센치하다. 감성적이게 만들지.
좋아하는 사람 생각으로 아무것도 집중을 못 하겠다. 그럴 수 있지만 후회할 끼다.
좋아하는 사람 생겼는데 페북 친구 신청해도 될까요? 다가가는 방법 가운데 하나지.
좋아하는 사람 생겼으면 좋겠다. 좋은 사람이 생길 끼다.
좋아하는 사람 생기면 어떻게든 sns 같은 거 알아내서 친신하고 그런다? 다가가는 방법 중에 하나니까.
좋아하는 사람 생기면 자꾸 따라하게 된다. 자연스러운 현상이다.
좋아하는 사람 앞에서 다른 사람한테 관심 있는 척 해 봤나? 그런 순간이 있었지.
좋아하는 사람 앞에서 성격이 이중적인데 정상인가요? 자연스러운 현상이다.
좋아하는 사람 앞에서 실례를 했다. 생각만 해도 소름 돋네.
좋아하는 사람 앞에서 쪽팔린 경험이 너무 많다. 추억을 쌓았다고 생각해 보이소.
좋아하는 사람 앞에서 표정 관리 안 되는 거 어떡하나? 귀여울 거 같데이.
좋아하는 사람 앞에선 다 똑같은가 보네. 누구나 좋아하는 사람 앞에서 그렇다 카더라.
좋아하는 사람 언제까지 기다릴 수 있을까요? 마음이 허락하는 데까지 아이겠나.
좋아하는 사람 얼굴이 이제 생각이 안 난다. 오랫동안 만나지 못했나 보네.
좋아하는 사람 오늘 못 봐서 진짜 우울하다. 내일은 만날 수 있을 끼다.
좋아하는 사람 이상형에 나를 맞춰야 할까? 맞춰보는 과정이 귀엽게 보일 수도 있겠데이.
좋아하는 사람 있는데 내가 좀 소심하다. 달라지길 원한다면 할 수 있을 끼다.
좋아하는 사람 잊는 방법 조언 좀 해 주이소. 가슴 아픈 질문이네.
좋아하는 사람 직업이 좀 걸리는데 계속 좋아해도 될까요? 본인이 괜찮다면 상관없겠지.
이 오빠 나를 좋아하는 건가. 정확한 건 당사자만 알 끼다.
이 정도면 내가 좋아하는 걸 알까? 확실한 의사 표시가 정확하겠지.
이 행복이 사라질까 두렵다. 두려워하지 말고 그 감정에 충실하면 행복은 떠나지 않을 끼다.
이거 뭘까. 좋아하는 걸까? 직접적인 마음을 확인하기 전까지 확실한 건 없다.
이거 사랑인가? 당신만이 답을 말해 줄 수 있데이.
이거 썸 맞나? 대화를 시작하는 사람이 누군지 살펴 보이소.
이거 썸 아냐? 말해 보이소. 생각해 볼게.
이거 썸인가? 고민하고 있으면 썸의 가능성이 높겠네.
이거 썸인가요? 좋은 느낌이면 썸으로 만나 보이소.
이거 좋아하는 거 맞나? 상황이 궁금하데이.
이건 그냥 날 안 좋아하는 걸까? 상황을 말해 보이소.
이게 바로 첫사랑인 듯. 당신의 소중한 사랑을 이루어 보이소.
이게 썸인가? 말해 보이소. 생각해 볼게.
이기적인 사람을 좋아하는 거, 상대방은 우선순위가 자신인가 보데이.
이런 나를 좋아해 주는 사람이 있을까? 당신은 정말 멋진 사람이다. 깎아내리지 마이소.
이런 얼굴 좋아하는 사람이 있을까요? 충분히 아름답데이.
이렇게 또 혼자 좋아하고 이별하고. 짝사랑이 그런가 보네. 슬프네.
이렇게 사랑받아도 되나? 행복한 고민이네.
이루어질 수 없는 사랑해도 될까? 위험한 사랑이네.
이뤄질 수 없는 사랑이 제일 서글프다. 알면서도 사랑할 수밖에 없어서 그런 거 같데이.
이른 연락해도 되나? 아침부터 좋은 연락이면 좋겠네.
이미 접은 짝남한테 주기적으로 연락이 온다. 다시 흔들리겠네.
이번 주말 그녀에게 연락해 볼까? 주말 전에 연락해서 주말에 만나야지.
이벤트 안 하는 남자친구, 먼저 이벤트를 해 보이소.
이별도 사랑일까? 이별도 사랑이다.
이 사람이랑 결혼이 옳은 걸까? 결혼에는 옳고 그름이 없다.
이 사람이랑 결혼해도 되겠지? 결혼하기 전에 확신부터 갖는 게 좋을 거 같데이.
이상적인 관계는 뭘까? 함께일 때 비로소 전부라고 느껴지는 연애가 아닐까 생각한데이.
이상적인 연애란? 서로가 전부인 연애가 아니라 서로 부족한 부분을 감싸 안아서 서로를 완전하게 해 주는 연애인 거 같데이.
이상하게 놓치고 싶지 않은 사람이 있다. 어쩌면 운명인가 보데이.
이상형 알고 싶다. 주변 사람에게 물어보거나 직접 물어 보이소.
이성의 학교 선배와 단둘이 식사한다면 어떻게 하나? 신경 쓰인다고 귀엽게 이야기해 보이소.
이제 그만 좋아하고 싶다. 마음 단단히 잡길 바란데이.
이제 끝난 줄 알았는데 아직도 좋아한다. 끝은 쉽게 오지 않는다.
이제 끝인 줄 알았는데 계속 좋아하고 있었어. 마음이랑 생각이 따로 놀 때가 있지.
이제 나도 날 좋아해 주는 사람을 만나고 싶다. 좋아해 주는 사람 만날 수 있을 끼다.
이제 내 짝남 못 본다. 군대 가거든. 서운하겠네.
이제 좀 지겨워진 거 같다. 사랑하는 이유를 생각해 보이소.
이제 청첩장 돌려도 되겠지? 너무 일찍 돌리면 잊혀진답니다.
이젠 다시 사랑 못 할 것 같다. 지금은 그렇게 생각해도 다시 사랑이 찾아올 끼다.
이젠 짝사랑하는 게 무섭고 두렵다. 이제 짝사랑 말고 둘이서 하는 사랑하이소.
인연이 있다고 생각하나? 인연은 있다.
인연이 있다고 생각하나? 저랑 당신도 인연이지.
인연이란 게 있을까? 당신과 저도 인연이다.
일하면서 알게 된 사람한테 연락해도 되나? 일 핑계로 연락해 보이소.
입맛이 너무 안 맞는 거 같다. 맞춰 가면 된다.
있는 그대로의 나를 사랑하기, 멋진 사람이자 멋진 말이다.
자기 기준에 맞추라는 사람, 이기적이네.
자기 전에 통화하면 썸 맞지? 그린라이트라고 생각한데이.
자기 전에 통화하면 썸이야? 호감이 없으면 통화를 안 할 끼다.
자기를 3인칭으로 말하는 여자친구의 말투가 고민이다. 귀엽게 봐 주이소.
자길 좋아하는 여자애가 있으면 더 잘해 주는 경향이 있나? 좋아하면 신경이 더 쓰이니까.
자꾸 갠톡하는 선배 있는데 관심 있나? 호감이 있을 수도 있데이. 그렇지만 쪼매 더 상황을 지켜 보이소.
자꾸 날 칭찬하는 여자애. 나한테 관심 있는 거 아니야? 이제 상대방을 칭찬할 차례인 듯하다.
자꾸 신경 쓰인다. 관심이 가나 보네.
자꾸 짝남 얼굴 생각난다. 보고 싶으니 그럴 만하다.
자꾸 짝녀 얼굴 생각나네. 보고 싶은가 보네.
자꾸 헷갈리게 한다. 안 헷갈리게 하는 사람이 좋다.
자신감 있는 여자가 좋다. 자신을 사랑하는 사람인가 보데이.
자전거 데이트 어떨까? 로맨틱할 거 같데이.
자주 가는 카페 알바생이 나를 자주 뻔히 쳐다보는데 이거 그린라이트일까? 씨익 웃어 보이소.
자주 가는 카페에 알바생한테 번호 따고 싶은데, 쪽지를 남겨서 마음을 전해 보이소.
자주 가는 카페에 잘생긴 알바생이 있는데 어떻게 고백하면 좋을까? 쪽지를 남겨서 마음을 전해 보이소.
자취한다는데 뭘 챙겨줄까? 직접 물어보는 게 좋을 거 같데이.
잘 만나고 있는데 나 질려 하면 어쩌지 걱정이다. 불행을 연습하거나 미리 걱정할 필요 없다.
잘 만나는 중인데 헤어지면 어쩌지 걱정된다. 불행을 연습하거나 미리 걱정할 필요 없다.
잘 맞는 사람 만나고 싶다. 많은 사람들은 살면서 맞춰 가기도 한다.
잘 먹는 남자가 보기 좋지 않나? 복스럽게 먹으면 더 좋다.
잘 먹는 여자가 좋다. 복스럽게 먹으면 더 좋다.
잘 사귀는데 불안한 느낌이 들면 정상일까? 믿음이 쌓이기 전에는 불안하다.
잘 지냈으면 좋겠다. 따뜻한 마음이네.
잘 챙겨 주는데 나를 좋아하는 걸까? 지켜보는 게 좋겠데이.
잘 지내나. 잘 지낼 끼다.
잘해 줬더니 더 해 달란다. 호의를 권리로 아는 사람 만나지 마이소.
잠 안 온다고 했더니 자장가 불러 줬다. 로맨틱하네.
장거리 썸 고백해도 될까? 많이 만나보는 게 좋겠지만 연락을 더 자주 해 보이소.
장거리 썸 괜찮을까? 물리적인 거리가 문제가 되겠네.
장거리 연애 괜찮을까? 진정한 사랑에 거리가 중요한가.
장거리 연애하면 보통 며칠에 한 번 만나나? 상황에 따라 다르지 않겠나.
장거리 연애하면 보통 어느 지점에서 만나나? 가운데서 만나거나 돌아가면서 희생을 한다.
장거리 하다가 결혼 가능할까? 사랑의 힘으로 가능하다.
장난스러운 고백 받았다. 부끄러워서 그럴 수도 있데이.
장난으로 좋아한 거 아닌데, 다시 진지하게 고백해 보이소.
장난인지 진심인지 구분이 안 된다. 장난스러운 성격이면 더 헷갈리기도 하지.
장난인지 진심인지 구분이 안 된다. 직접적으로 물어보는 게 가장 확실하겠지.
장수 커플이다. 사랑은 유지하는 게 중요한데 대단하네.
재수학원에서 연애는 필망인가? 목적이 확실한 곳이니까.
저를 좋아하는 사람 알면서도 모르는 척하는 게 이기적인가요? 확실한 의사 표시를 했는데도 그렇다는 건 이기적인 거 같데이.
저를 좋아하는 사람은 없을 거예요. 그거는 절대 아닐 끼다.
저를 좋아하는 사람한테 호감이 안 생긴다. 맘처럼 할 수 없는 부분 같다.
저를 좋아하던 사람이 갑자기 매정해졌다. 심경의 변화가 있었을지도 모르겠네.
저만 좋아하는 사람 페북 같은 거 살펴보나? 저도 궁금해서 그렇게 하곤 한다.
저한테만 장난치는 남자애가 나 좋아하나? 호감이 있을지도 모르겠데이.
적극적인 여자가 좋다. 솔직한 사람에게 매력을 느끼나 보데이.
전 남친이랑 헤어진 지 오래됐는데 좋아하는 사람이 없다. 조급하게 생각하지 마이소.
전 너무 이기적인데 저를 좋아해 준다. 그대로 사랑해 줄 사람이 나타났나 보데이.
전 썸남 보고 싶다. 썸으로 끝날 사이가 아니었네.
전 왜 제 마음도 잘 모르는 걸까요? 좋아하는 마음은 헤아리기 힘들데이.
전남친하고 짝남이 친구다. 애매한 관계네.
전부 다 줘도 아깝지 않은 사람, 정말 사랑하나 보데이.
전여친하고 짝녀가 친구다. 신경 쓰이는 상황 같데이.
전화하면서 잠들고 싶다. 낭만적이네. 전화해 보이소.
절 찼던 남자애가 다시 절 좋아하는 게 가능할까요? 상황에 따라 다르겠지예.
절 찼던 여자애가 절 다시 좋아하는 건가요? 직접 대화를 나누는 기 필요하겠네.
점심시간일 텐데 카톡이 안 온다. 먼저 연락을 해 보는 건 어떻겠나.
정말 고맙다 귀염둥아. 감사합니다.
정말 사랑했는데, 정말 사랑한다믄 다시 만나 보이소.
정말 사랑했다, 정말 사랑했다믄 후회하지 않을 끼다.
정말 잘 맞는 사람이 있을까? 잘 맞춰 가는 사람이 있는 거겠지.
정성 담긴 선물 뭐가 좋을까? 손편지도 좋을 거 같데이.
정열적인 사랑 하고 싶다, 정열적으로 다가가 보이소.
정장 한 벌 맞췄다, 잘했데이. 두고두고 입으이소.
제가 좋아하는 남자가 저를 짝사랑한다 카네. 제가 먼저 고백해도 될까요? 행복한 고민이네. 당장 만나 고백하이소.
제가 좋아하는 사람이 맘 잡고 공부해야 할 것 같다고 기다려 달라는데 제 맘이 안 변할까요? 변할 수도 있지만 미리 걱정하지 마이소.
제가 좋아하던 사람이 절 좋아하면 갑자기 거부감 들고 싫어진다. 어떤 트라우마가 있었는지도 모르겠네.
제대로 사랑하고 싶다, 사랑에는 깊고 얕음이 없는 거 같데이.
조용한 여자가 좋다, 그 사람도 당신을 좋아하길 바란데이.
존경할 수 있는 사람 만나고 싶다, 그런 사람 만날 수 있을 끼다.
좀 있으면 귀국하는데 짝녀에게 뭘 챙겨줄까? 작은 거 하나라도 챙겨 준다면 센스 있는 사람이라고 생각할 끼다.
종교가 다른 여자친구 헤어져야 하나? 종교 큰 문제지.
종교가 다른 짝남과 연애할 수 있을까? 사랑은 종교를 뛰어넘을 수 있을 끼다.
종교를 너무 싫어하는 남자친구가 고민이다, 종교를 왜 싫어하는지 대화를 해 보이소.
좋아하는 사람한테 어떻게 고백을 할까요? 먼저 용기 내서 고백하는 게 좋을 듯싶데이.
좋아하는 애한테 고백하는 방법 좀, 먼저 용기 내서 고백하는 게 좋을 듯싶데이.
좋아하게 된 남자가 있는데 많이 어린데 어울릴 수 있을까? 충분히 어울릴 수 있데이.
좋아하고 있는 애가 친구를 소개시켜 줬다, 소개팅은 아니겠지.
좋아하고 있는 애랑 카톡하는 중인데 뭐라고 하지? 밥 묵자고 연락해 보이소.
좋아하고 있는 애를 친구가 소개시켜 줬다, 많이 당황했겠네.
좋아하는 감정을 스스로 다스릴 수 있을까? 쉬운 일은 아니다.
좋아하는 감정을 억제하는 방법은 뭐고? 다른 사람과 상상하는 건 어떻겠나.
좋아하는 감정을 혼자서 정리할 수 있을까요? 본인이 하기 나름일 끼다.
좋아하는 감정이 나를 슬프게도 한다, 동전의 양면과도 같다 아이가.
좋아하는 감정이 나를 슬프게도 한다, 사랑과 슬픔은 동전의 양면과 같다 아이가.
좋아하는 감정이 뭐고? 가만히 있어도 생각나는 거 아이겠나.
좋아하는 거 기준이 뭐임? 계속 생각나고 보고 싶은 게 기본이겠지.
좋아하는 거랑 사랑하는 거 차이점이 뭘까요? 구분 짓기 어렵네.
좋아하는 거랑 사랑하는 건 어떻게 구분하나? 구분 짓는 게 쉽진 않데이.
좋아하는 거랑 사랑하는 건 어떻게 구분하나? 마음이 알 끼다.
좋아하는 거랑 사랑하는 게 다른 기가? 마음에 농도 차인 거 같데이.
좋아하는 거랑 사랑하는 게 다른 기가? 생각의 차이겠지.
좋아하는 걸 알게 되면 갑자기 싫어진다. 무슨 심리일까요? 부담스러운 심리일까요.
좋아하는 그녀가 유학을 간다고 한다, 붙잡고 싶은 마음이 굴뚝같겠네.
좋아하는 그 사람은 바람둥이다. 좋아해도 될까? 상처받을 끼다.
좋아하는 남자 때문에 너무 기분이 안 좋다, 무슨 일이 있었나 보네.
좋아하는 남자 생겼는데 호감 어떻게 표시할까요? 꾸준히 연락을 하는 게 필요하다.
좋아하는 남자 표정이 너무 차가워서 다가가기 어렵다, 표정만 그럴 수도 있데이.
좋아하는 남자가 여친이랑 헤어질 때까지 기다렸다가 고백하는 거 가능한 사람이 있을까요? 좋아하는 마음이 있으면 가능하겠지.
오늘로 짝남 보내기로 했다. 힘든 결정이었을 텐데 맘고생 많았데이.
오늘 만나기로 했다. 좋은 만남이 되길 바란데이.
오늘부로 짝녀를 보내기로 했다. 최선의 선택일 거라 믿는데이.
오늘부터 짝사랑을 끝내려 한다. 힘든 결정이었을 텐데 맘고생 많았데이.
오늘은 그녀를 만나기로 약속한 날, 두근거리겠네.
오늘처럼 사랑하기, 오늘처럼 사랑하게 해 달라고 기도한다.
오래 만나고 싶은데 짧은 연애만 했다. 내한테 문제가 있나? 좋은 상대를 못 만나서 그럴 수도 있으니 자책하지 마이소.
오래 만나고 싶다. 좋아하면 오래 만날 수 있데이.
오래 만나는 방법 있나? 좋아하면 오래 만날 수 있데이.
오래 만나서 지겨워진 거 같다. 평소에 볼 수 없었던 특별한 모습으로 색다른 데이트를 제안해 보이소.
오래 만났다. 사랑은 유지하는 게 중요한데 대단하네.
오래 못 가는 연애, "연애는 문제가 있으면 문제를 해결하기 위해 함께 노력하고 그 속에서 더욱 단단해지는 과정인데, 그 과정을 못 참고 피하기만 했나 보데이."
오래 사랑하고 싶다. 사랑을 말과 행동으로 표현해 보이소.
오래 연애하고 싶다. 진짜 사랑하면 가능하다.
오래 연애해서 그런가 관심이 줄었다. 연애하다 보면 서로에게 익숙해져서 처음만큼 관심을 갖지 않게 되는 게 사실일 끼다. 진지하게 이야기하면서 극복해 보이소.
오랜 연애로 가족 같은 느낌이다. 편한 사람도 찾기 힘들데이.
오랜 연애로 여자친구가 잘 안 꾸미고 나오는 게 고민이다. 분위기 있는 데이트를 해 보이소.
오랜 연애인데도 좋다. 사랑은 유지하는 게 중요한데 대단하네.
오랜만에 가슴이 두근거린다. 저도 두근거리네예.
오랜만에 가슴이 뛴다. 사랑의 시작을 하고 있나 보데이.
오랜만이네. 오랜만이다.
오랜 연애로 남자친구가 더 이상 새롭지 않은 게 고민이다. 새로운 데이트 코스를 찾아 보이소.
오랫동안 썸만 탄다. 뭐가 문제임? 고백을 안 한 게 문제일 거 같데이.
오랫동안 썸만 타고 솔로인 건 왜 그렇나? 썸이 아니었을지도 모른다.
오랫동안 연애 안 한 사람이랑 사귀는 거 괜찮나? 따로 신경 쓰이는 부분이 없다면 괜찮데이.
오해로 싸움이 시작됐다. 작은 오해가 점점 커지기도 하지.
오해하는 거 같은데 어떡하나? 오해할 만한 일이 생겼을 때는 솔직하게 이야기하고 풀어 보이소.
완전 귀엽다. 사랑이 느껴지네.
완전히 마음에 들지는 않는데 만나도 될까? 변화 가능성을 생각해 보이소.
왜 결혼 안 하니 묻지 좀 마이소. 참견하는 사람이 참 많지.
왜 내 마음을 몰라주지? 상대방은 당신의 마음을 읽을 수 없다.
왜 사랑한다고 표현을 안 할까? 표현이 어색해서 그럴 수도 있데이.
왜 자꾸 나한테 귀엽다고 하나? 날 좋아하나? 귀엽다는 의미는 아주 넓데이.
왜 좋아하는 마음은 그만두지 못할까. 마음은 절대 내 맘대로 되지 않으니까.
외국에도 썸 같은 개념이 있나? "글쎄요, 사귀는 과정은 어디든 있을 거 같데이."
외로워서 그런 건지 진짜로 좋아하는 건지 모르겠다. 외롭다고 아무나 좋아하진 않을 끼다.
외모는 내 취향인데 좋아하는 걸까? 자기 취향이더라도 마음이 꼭 움직이는 건 아니다.
요구하거나 제안했을 때 뭐라고 리액션해야 할지 모르겠다. "생각이 너무 좋은 거 같고, 왜 나는 그런 생각을 못 했는지 등으로 크게 반응해 보이소."
요즘 내가 내가 아닌 거 같다. 정신 차리이소.
요즘 눈에 띄는 남자애가 있는데, 관심을 갖고 지켜 보이소.
요즘 눈에 띄는 여자애가 있는데, 그 애 눈에도 당신이 띄길 바란데이.
요즘 눈에 띄는 남자애, 관심을 갖고 지켜 보이소.
요즘 눈에 띄는 여자애, 그 애 눈에도 당신이 띄길 바란데이.
요즘 맨날 좋아하는 오빠가 꿈에 나온다. 좋아하는 마음이 깊은가 보네.
요즘 좋아하는 남자애가 꿈에 나오는데. 생각을 많이 해서 그런가 보데이.
용기 내 볼까? 용기 내 보는 것도 좋을 거 같데이.
우리 둘이 모은 돈으로 결혼해야 한다. 그게 정상인 거다.
우리 반 남자애를 좋아하는데, 더 자주 만날 수 있겠네.
우리 반 여자애를 좋아하는데, 매일 봐서 좋겠네.
우리 반 남자애 좋아하게 됐다. 매일 볼 수 있어서 좋겠네.
우리 반 여자애 좋아하게 됐다. 매일 봐서 좋겠네.
우리 반 여자애가 나를 좋아하는 거 같다. 당신도 좋아하는지 모르겠네.
우리 반에 반장을 좋아한다. 같은 반이라 좋겠네.
반장을 좋아한다. 반장이 멋진가 보네.
우리 반에 좋아하는 남자애가 있다. 매일 볼 수 있어 학교 갈 맛이 나겠네.
우리 반에 좋아하는 여자애가 생겼다. 매일 볼 수 있어 학교 갈 맛이 나겠네.
우리 사귀는 거 맞겠지? 직접 물어 보이소.
우리 사랑이 영원했으면 좋겠다. 그렇게 바란다면 이루어질 끼다.
우리 사랑이었을까? 사랑이 있으면 헤어짐도 있는 거다. 헤어졌다고 사랑이 아닌 게 되지는 않는다.
우리 언니 남친이 날 좋아하는데 방법 좀. 확실한 사실이라면 직접 언니 남친분에게 단호하게 말하이소.
우리 반 남자애가 나 좋아하는 걸 너무 티 낸다. 부담스러운지 좋은지 생각해 보이소.
우리 반 여자애가 나 좋아하는 거 너무 티 낸다. 부담스러운지 좋은지 생각해 보이소.
우리의 사랑은 끝났다. 꺼진 사랑도 다시 보자~ 다시 타오를 수도 있데이.
우린 운명이었다. 운명이 아니었다면 사랑도 할 수 없었겠지.
우린 운명인 줄 알았는데, 운명은 또 만들어 가면 된다.
운동을 하는 남자가 좋다. 뭐든 열심히 하는 사람은 좋아 보인다.
운동하는 여자가 좋다. 제가 생각해도 멋지네예.
운명적인 사랑 있나? 운명을 믿는다.
운명적인 사랑을 믿었는데, 진정한 운명을 만날 수 있는 기회가 생겼다고 생각하이소.
운명적인 사랑을 했다. 후회되지 않는 사랑을 했네.
웃는 모습이 예쁜 사람, 사랑에 빠졌구먼.
웃을 때 진짜 예쁘다, 사랑에 빠졌구먼.
원래 사랑에 빠지면 잠 잘 안 오나? 두근거려서 잠이 안 오나 보데이.
원래 장난 잘 치는 성격인데 짝남 앞에서 넘 떨려서 노잼 된다. 자신감을 가지이소.
원래 장난도 잘하고 재밌다고들 하는데 그녀 앞에선 작아지는데 어떡하나. 짝사랑 앞에서 누구나 한없이 작아지나 보데이. 자신감을 가지이소.
웨딩드레스 입어보고 싶었다. 소원 풀었네.
웨딩드레스를 입은 너를 보고, 눈에서 꿀이 떨어진다.
위험한 사랑해도 될까? 당신이 상처받지 않았으면 좋겠다.
유부남 좋아하는 거 같다. 마음 정리하이소.
유부남 좋아하면 안 되겠지? 마음 정리하이소.
유부남 됐다! 축하한데이!
유부남을 좋아하게 됐다. 마음을 접어야 할 거 같데이.
유부녀 좋아하면 안 되지? 마음 정리하이소.
유부녀 됐다! 축하한데이!
유부녀를 좋아하게 되었다. 많이 위험한 거 같데이.
유학 준비하는 여자친구, 기다릴 수 있을지 자신에게 물어 보이소.
음식 많이 가리는 남자를 사귀어도 괜찮을까? 다 먹으면 좋겠지만 큰 문제는 되지 않을 끼다.
음식 편식하는 사람 사귀어도 되나? 사귀면서 편식을 고쳐 봐도 좋을 거 같데이.
의견 차이가 있을 때 나 너무 무시한다. 무시당하는 기분이 들어서 너무 외롭고 상처받게 된다고 차분하고 부드럽게 말해 보이소.
이 남자애 행동 나를 좋아하는 게 맞는지 모르겠다. 정확한 사실을 알긴 힘들데이.
이 사람 나를 좋아하는 건가? 긴가민가한 상태인가 보데이.
이 사람 만나면서 내 자존감이 떨어지는 거 같아 안 만나는 게 답인가? 그 누구와도 비교하지 마이소.
이 사람 만나면서 내 자존감이 떨어지는 거 같아 안 만나는 게 답인가? 비교하지 말고 자신을 사랑하면서 자존감을 높이려 노력해 보이소.
이 사람 없으면 못 살 거 같다. 시간이 지나면 잘 살고 있는 당신을 보게 될 끼다.
이 사람 좋아하는 게 맞을까? 고민하고 있다면 맞는 거 아이겠나.
이 사람은 사랑이 참 쉬운가 보네 내가 우습나? 참을 수 없는 가벼움이네.
이 사람이다 싶다. 누구와도 대체할 수 없는 존재감을 느꼈구먼.
이 사랑이 마지막 사랑이었으면, 후회하지 않을 사랑해 보이소.
이 세상에 나 혼자 남겨진 기분이다. 당신은 절대 혼자가 아니다.
이 세상에서 내가 제일 불행하다. 그럴 리가 있나.
이 여자애 행동 나를 좋아하는 게 맞나? 정확한 거 본인만이 알 끼다.
여행 온 김에 짝녀 선물 살까 하는데 어떻게 생각하나? 받으면 감동 받을 끼다.
여행 와서 짝남 선물 살까 하는데, 받으면 감동 받을 거 같데이.
여행 왔는데 좋아하는 선물로 뭐가 괜찮을까? 여행지에서만 살 수 있는 걸로 골라 보이소.
여행지에서 마음에 드는 사람 만났다. 로맨틱한 만남이네.
연극 보러 갈까? 좋은 데이트가 되겠네.
연락 계속 오면 관심 있는 기가? 아무래도 그렇겠지.
연락 많이 안 하는 썸도 있나? 상대방이 너무 바쁜 상태일 수도 있데이.
연락 많이 하는데 썸인지 모르겠다. 관심 없으면 연락 안 한다.
연락 문제로 애인이랑 싸운 적 있나? 연락은 싸움의 씨앗이지.
연락 자주 하는데 친구가? 친구는 귀찮아서 연락 안 하는데 썸의 가능성이 높아 보이네.
연락만으로 썸 가능하나? 만나는 게 더 좋겠지만 가능하겠지.
연락 문제로 싸웠는데 어쩌나? 아무리 바쁘더라도 틈틈이 연락해 주이소.
연락 문제로 지쳐 간다. 집착하지 마이소.
연락하고 싶다. 연락해 보이소.
연락하고 싶어지네. 연락해 보이소.
연락해도 되나? 용기 내 보는 것도 좋을 거 같데이.
연락해 볼까? 연락해 보이소.
연상 어떻나? 사랑에 나이는 중요하지 않다고 생각한데이.
연애 감흥이 점점 사라진다. 연애의 모습이 다양한 거다.
연애 고수 되려면? 연애는 기술이 아니다.
연애 상대와 결혼 상대는 다를까? 미래를 함께 꿈꿀 수 있는 사람인지 아닌지인 거 같데이.
연애 세포 깨우는 법, 하다 보면 된다. 걱정 마이소.
연애 안 한 지 너무 오래됐다. 연애 세포를 깨울 때가 되었네.
연애 어떻게 하는 기고? 하다 보면 된다. 걱정 마이소.
연애 어떻게 하는지 까먹었다. 해 보면 생각날 끼다.
연애 잘하는 사람 부럽다. 잘할 수 있데이.
연애 중에 카톡 프사 연인으로 하나? 기본으로 하면 어떻나? 기본으로 하는 거 상관없데이.
연애 중인데 나 보수적인가? 보수적이어도 된다.
연애 처음 하는 남자친구, 경험 있는 분이 리드해 보이소.
연애 초보다 연락을 너무 안 한다. 편해진 거 같네.
연애는 시간 낭비인 듯. 감정 낭비일 때도 있지만 행복한 일이다.
연애는 진짜 좋아하는 사람이랑 해야 한다. 맞는 말씀이다.
연애는 하기 싫은데 썸은 타고 싶다. 시작하기 전 두근거림을 더 좋아하나 보데이. 아니면 연애에 대한 두려움을 가지고 있을 수도 있을 듯하다.
연애다운 연애 하고 싶다. 할 수 있을 끼다.
연애도 좋지만 내 시간도 중요한 나 정상인가? 내 인생의 주인공은 나야 나!
연애로 발전할 수 있을까? 노력하면 가능할 거 같데이.
연애를 못 봐서 그런가 대화를 어떻게 해야 할지 모르겠다. 이제라도 여자와 어울리고 시간을 보내 보면서 쪼매씩 알아 보이소.
연애를 실패할수록 두렵다. 좋은 사람 만날 수 있을까? 더 좋은 사람 만날 끼다.
연애를 오래 하려면? "고마워, 사랑해, 미안해 항상 표현해 주이소."
연애보다 썸이 좋다. 사귀기 전 두근거림을 좋아하나 보데이.
연애 상담하더니 둘이 사귀더라. 대화를 하다가 친해졌나 보네.
연애 상담해 주던 사람이 좋아지는 거 같다. 마음의 문을 열었나 보네.
연애 상담해 줬더니 나만 바보 됐다. 다음부터는 해 주지 마이소.
연애 세포 다 죽었나 보네. 살릴 수 있데이!
연애 세포 다 죽은 듯. 그럴 수 있데이. 무엇이 문제인가요?
연애 세포가 다 죽었나. 그럴 수 있데이. 자연스럽게 대화를 먼저 이어나가는 건 어떻겠나?
연애 스타일이 너무 다른 남자친구와 어떻게 이야기를 해야 할까? 연애는 서로에게 맞춰 가는 거다.
연애 스타일이 너무 다른 여자친구와 어떻게 이야기를 해야 할까? 서로의 연애 스타일에 대한 대화를 자주 나눠 보이소.
연애의 끝은 결혼인 건가? 그럴 수도 아닐 수도 있겠네.
연애 중인데 외로운 느낌이 들면 문제일까? 사람은 다 외로운 존재다.
연애하고 싶은데 좋아하는 사람이 없다. 언젠간 당신에게도 사랑이 찾아올 끼다.
연애하는 것처럼 결혼 가능하나? 배려하고 존중하면서 사랑하면 가능할 끼다.
연애하는데 사랑받는 느낌을 안 받는다. 당신은 사랑받기 위해 태어난 사람이다.
연애하는데도 외롭다. 진정한 사랑을 찾아 보이소.
연애한 지 2년째다. 딱 좋을 때네.
연애할 때 많이 사랑하면 나만 손해인가? 사랑은 따지는 게 아니고 다 주고도 더 주지 못해 미안해하는 거다.
연애할 때 몇 살 차이가 적당하나? 사랑에 나이 차이는 상관없데이.
연애할 때 자유를 원하는 상대에게 얼마나 자유롭게 해 줘야 하나? 걱정되지 않을 선인 거 같데이.
연예인과 썸 타는 꿈 해몽 좀 해 주이소. 연예인 사진 보고 잔 거 아이가?
연예인이랑 사귄다! 특종감이네!
연예인하고 연애해 보고 싶다. 쉽지 않을 끼다.
연인과 어떤 걸로 싸우나? 기억도 안 나는 사소한 일로 싸운다.
연인끼리 같이 샤워하나? 사람마다 다르데이.
연인이랑 어떻게 하면 안 싸울 수 있을까? 둘 사이의 규칙을 하나씩 만들고 문제에 대해 인식해 보이소.
연인인데 정치 견해가 다르다. 정치 이야기는 빼고 하이소.
연하 어떻나? 사랑에 나이는 중요하지 않다고 생각한데이.
영원한 사랑, 항상 꿈꾸지.
영원히 함께 했으면 좋겠다. 마음은 언제나 함께할 끼다.
영화 보자는데 나한테 관심 있나? 영화 보고 나서 고민해도 안 늦데이.
영화 보자는데 나한테 관심 있나? 오 관심 있을 수도 있을 거 같데이.
영화 같은 사랑 하고 싶다. 영화는 현실과 다르지만 그런 사랑을 하도록 노력해 보면 영화 같은 사랑 할 수 있을 끼다.
영화 볼 때 너무 목소리가 큰 남자친구가 고민이다. 영화관 말고 다른 데서 보이소.
예랑이 턱시도 멋지다. 행복하게 잘 사이소.
예랑이가 대리 효도시키는 건 아니겠지? 효도에 대리가 어디 있나.
예랑이가 마마보이인 듯. 남자는 여자 하기 나름이라 카더라. 변화시켜 보이소.
예쁘니까 사랑하는 건가? 사랑하니까 예뻐 보이는 걸 수도 있데이.
예쁘니까 좋아하나? 좋아하니까 예뻐 보이는 걸 수도 있데이.
예쁘면 다냐ㅠㅠ 마음 아프게 했나 보네.
예쁜데 연애 안 하는 여자, 눈에 차는 남자가 없어서일 수도 있데이.
예식장 취소했다. 다음에 계약하는 예식장은 더 좋은 곳으로 할 끼다.
오늘 가는 모임에 짝남이 있다. 신경 쓰고 가이소.
오늘 꿈에는 짝남이 나왔으면. 지금처럼 생각 많이 하고 자면 꿈이 나타날 끼다.
오늘 데이트 각이다. 지금 연락해 보이소.
오늘 따라 보고 싶네. 보고 싶은 마음을 전해 보이소.
오늘 만나기로 했는데 빈손으로 나가나? 준비하지 않아도 상관없다고 생각한데이. 필요하다면 화려하지 않고 부담 없는 선물을 준비하면 센스 있는 사람으로 생각할 끼다.
오늘 백일이다. 축하한데이!
오늘 서점에서 이상형 봤다. 용기 내서 말을 걸어 보이소.
오늘 왠지 고백받을 거 같데이. 오 미리 축하한다!
오늘 좋아하는 애한테 고백했는데. 좋은 소식이었으면 좋겠네.
오늘 짝남 만나는데 뭐 입지? 자신에게 잘 어울리는 옷을 생각해 보이소.
오늘 짝남 만나는데 옷이 없다. 이 김에 하나 장만하는 건 어떻겠나.
오늘 짝남이 썸녀 생긴 거 알게 돼서 술 좀 마셨다. 속이 답답하겠네.
오늘 짝녀 만나기로 했는데 옷이 없네. 이 김에 하나 장만하는 건 어떻겠나.
오늘 짝녀 만나는데 뭐 입나? 댄디룩이 무난할 거 같네.
오늘 짝녀가 썸남 생긴 거 알게 되고 한 잔 했습니다. 속이 타들어 가겠네.
오늘 큰맘 먹고 연락했다. 마음 먹느라 고생했데이.
오늘도 사랑한다. 달콤한 말이네.
오늘도 짝남이 멋졌다. 멋진 분이구먼.
오늘도 짝사랑하는 남자 때문에 우울하다. 짝사랑의 늪에서 빠져나오이소.
오늘도 짝사랑하는 여자 때문에 술 마시는 중이다. 술 한잔으로 잊혀질 수 있다면 얼마나 좋을까.
오늘도 짝사랑하는 여자가 정말 이뻤다. 사랑스러운 분이네.
여자친구가 베지테리언이다, 함께 건강하게 묵어 보이소.
여자친구가 변해가는 거 같데이. 변하는 모습을 지켜보는 기 힘들겠데이.
여자친구가 비혼주의라 카네, 고민이 많이 되겠네.
여자친구가 사진을 너무 많이 찍는다. 예쁘게 많이 찍어 주이소.
여자친구가 살이 너무 쪄서 고민임. 같이 운동해 보이소.
여자친구가 선톡을 안 한다. 먼저 해 보이소.
여자친구가 소극적이다. 쪼매라도 적극적이면 큰 리액션을 보내 주이소.
여자친구가 수상하다. 직접 말할 때까지 쪼매만 기다려 주이소.
여자친구가 순진한 척한다. 귀엽게 봐 주이소.
여자친구가 술만 마시면 필름이 끊기는데 너무 걱정된다. 필름 끊기는 거 치매의 초기 증상이다.
여자친구가 술을 못 마시는데 분위기를 좋아해서 자주 술 마시러 가는 게 고민이다. 술 마시기 전에 술 깨는 약을 선물해 주이소.
여자친구가 스킨십 하기 싫다 카네, 좀 더 기다려 주이소.
여자친구가 스킨십을 너무 좋아한다. 원치 않으면 싫다고 말하이소.
여자친구가 스킨십이 너무 없다. 좀 더 편한 분위기를 만들어 보이소.
여자친구가 애교 많았으면 좋겠다. 직접 애교를 부려 보이소.
여자친구가 애교가 많아졌으면 좋겠다. 애교는 성격이다.
여자친구가 연락이 너무 많다. 틈틈이 연락해 보이소.
여자친구가 연락이 안 된다. 별일 없을 끼다.
여자친구가 연락이 안 된다. 쪼매만 기다려 보이소.
여자친구가 연애하는데 가끔씩 막말을 한다. 막말에 상처받지 않았으면 좋겠다.
여자친구가 예쁜데 착하기까지 하다. 금상첨화네.
여자친구가 음식을 너무 적게 먹는다. 과식보다 소식이 좋지.
여자친구가 일정 중에 연락 못 하는 걸 이해 못 한다. 일하고 있는데 연락하기 쉽지 않지.
여자친구가 자기 말만 하고 내 말은 안 듣는다. 대화를 할 수 없겠네.
여자친구가 자꾸 구속한다. 믿음을 주이소.
여자친구가 자꾸 의심한다. 의심하지 않게 믿을 수 있게 해 주이소.
여자친구가 자주 씻지를 않는다. 그거는 좀 힘드네.
여자친구가 작은 일까지 다 기억한다. 작은 일도 중요하게 생각하는 경향이 있나 보데이. 더 신경 쓰고 챙겨 주이소.
여자친구가 잘 삐진다. 삐지는 이유를 살펴 보이소.
여자친구가 잘 삐진다. 더 관심을 가져 주이소.
여자친구가 잘못된 건 아닌데 표현이 너무 서툴다. 더 좋은 표현을 먼저 해 주이소.
여자친구가 잘못을 해도 다 공감해 주는 게 옳은 걸까? 공감을 해 주면서 잘못을 스스로 깨닫게 해 보이소.
여자친구가 잠이 너무 많다. 미인은 잠꾸러기라 카더라.
여자친구가 좋은데 믿음이 안 간다. 믿음을 하나씩 쌓아 주이소.
여자친구가 좋은데 왠지 모르게 귀찮다. 귀찮은 마음이 더 큰 거 같네.
여자친구가 준 생일 선물이 별로다. 다음에는 받고 싶은 선물을 이야기해 보이소.
여자친구가 집안일을 너무 안 한다. 나만 하는 거 같다. 집안일을 하나씩 분담해 보이소.
여자친구가 취업하더니 변하더라. 상황이 생각을 바뀌게 하기도 한다.
여자친구가 친구들이랑 여행을 가는데 남자도 있으면 어떡하나? 같이 가거나 신경 쓰인다고 말해 보이소.
여자친구가 커피를 못 마셔서 카페 대신에 갈 만한 곳? 카페 가서 차 마셔도 된다.
여자친구가 쿨했으면 좋겠다. 사랑은 뜨겁데이.
여자친구가 클럽에서 춤만 춘다는데 진짜일까? 같이 가 보는 것도 좋을 거 같데이.
여자친구가 클럽을 간다면 어떻게 하나? 같이 가 보이소.
여자친구가 키가 너무 크다. 깔창이 있지 않나.
여자친구가 표현을 하게 하고 싶은데 방법을 잘 모르겠다. 작은 표현에도 과하게 리액션해 보이소.
여자친구가 향기에 집착한다. 사람마다 집착하는 게 다르니 인정해 주이소.
여자친구가 화나면 말을 안 한다. 시간을 주이소.
여자친구가 힘들어하는데 내가 뭘 해 줄 수 있을까? 진심으로 격려하고 함께 있어 주이소.
여자친구랑 남사친이 너무 친하다. 질투난다고 말해 보이소.
여자친구랑 뭐 하고 노나? 얼굴 보고만 있어도 좋지.
여자친구랑 스킨십하고 싶다. 대화를 하면서 속도를 맞춰 보이소.
여자친구랑 어디 놀러 갈까? 연인과 함께면 어디든 좋다.
여자친구랑 연락 문제로 자주 싸운다. 하루 종일 연락하는 걸 원하는 게 아니라 바쁘더라도 중간중간에 연락해 주는 걸 원하는 걸 끼다.
여자친구랑 진도가 너무 빠른 거 같다. 진도는 중요하지 않다.
여자친구랑 피시방 데이트도 하고 싶은데 어떻게 말을 할까? 카페처럼 생긴 피시방이라면 데이트도 문제없을 끼다.
여자친구를 믿는데 가끔 의심이 간다. 믿음이 깨지고 있네.
여자친구에게 고민이나 속사정을 어디까지 이야기하나? 믿는 만큼 이야기하는 거 같데이.
여자친구에게 옷 선물 좋은 브랜드 있나? 직접 같이 골라 보이소.
여자친구에게 팔찌 목걸이 둘 중 하나만 선물할 수 있다면 뭐가 좋을까? 잘 어울리는 걸로 주이소.
여자친구에게 해 줄 만한 화장품 선물 뭐가 있을까? 개인이 원하는 게 있을 끼다.
여자친구에게 힘들 때 어떻게 하나? 이야기하고 의지한다.
여자친구와 노래방을 가면 무슨 노래를 부르는 게 좋을까? 여자친구가 좋아하는 가수의 노래 연습해 보이소.
여자친구와 여행 가고 싶은데 부모님이 보수적이다. 여행 말고도 데이트할 거 많데이.
여자친구와 여행 가는 게 부담스럽다. 다 챙겨 줘야 해서 그런 거 같데이.
여자친구와 첫 키스는 언제 했나? 뭐 이런 걸 물어보시나.
여자친구와 커플링 꼭 해야 하나? 꼭 해야 하는 건 없다.
여자친구의 sns 말투가 고민이다. 아예 보지 마이소.
여자친구의 감정 기복이 너무 심하다. 모두 맞춰 주지 마이소.
여자친구의 과거 어디까지 이해하나? 알면 화날 거 같아서 말하지 말라고 한다.
여자친구의 성적 취향을 이해 못 하겠다. 대화를 해 보이소.
여자친구의 이성 친구가 고민이다. 만날 때 같이 만나 보이소.
입 냄새가 고민이다. 같이 양치하이소.
여자친구의 핸드폰 저장명을 뭐로 하나? 이름이나 호칭이 무난하지.
여자친구의 혼전순결이 고민이다. 기다리고 이해해 주이소.
여자친구의 회사가 내가 다니는 회사랑 너무 비교된다. 자신감을 가지이소.
여자친구한테 더 이상 설레지 않는다. 생각 정리할 시간이 필요하겠네.
여자친구한테 더 이상 설레지 않는다. 정말 큰 문제네.
디퓨저 선물 해 줄까? 좋은 선물이 될 끼다.
여자친구한테 서운한 거 같은데 표현하는 게 좋을까? 수천 번 생각해도 이건 아니라고 생각이 되면 서운하다고 이야기하이소.
여자친구한테 핸드폰 공개하나? 프라이버시지.
여자한테 언제 설레나? 그냥 얼굴 보면 설렌다.
여지를 준 짝녀 버려야겠지. 오해가 아니라면 정리하는 게 덜 상처일 거 같데이.
여친 과소비 심하다. 수용할 수 있는지 생각해 보이소.
여친 생겼는데 호칭 어떻게 하나? 생각나는 대로 해 보이소.
여친 쌩얼 보고 깜놀했다. 거울 보고 이야기해 주이소.
여친 있는 짝남이 너무 친절하게 대해 줘서 착각하게 된다. 상대를 헷갈리게 하는 건 좋지 않다.
여친 있는 짝남이랑 연락을 해도 될까? 연애 중인 상대에게 연락을 안 하는 게 예의일 끼다.
여친 있는데 다른 여자랑 썸 가능하나? 상대방을 헷갈리게 하는 건 좋지 않다.
여친에게 운동을 하자고 어떻게 돌려 말하나? 같이 운동하자고 해도 괜찮을 거 같데이.
여친이 나랑 찍은 사진 프사로 안 한다. 각자의 프라이버시니까 이해해 주이소.
여친이 나를 안 좋아하는데 내가 붙잡고 있는 거 같데이. 충분한 대화를 나눈 후에 결정을 내리는 게 좋겠네.
여친이 나를 좋아하는 게 맞는지 모르겠다. 확신이 서지 않나 보데이.
여친이 너무 많이 먹는다. 건강이 걱정된다고 말해 보이소.
여친이 너무 예민하다. 더 많이 챙겨 주이소.
여친이 아는 형이랑 썸 타는데, 슬쩍 떠서 확인해 보이소.
여친이 안 좋은 사이트 한다. 빠질까 봐 걱정된다고 말해 보이소.
여친이 오히려 섬세하지 못하다. 사람 성향에 따라 다른 거니 이해해 주이소.
여친이 외박이 안 된다. 가끔은 선의의 거짓말도 필요하답니다.
여친이 있는 사람인데 왜 나한테 잘해 주지? 성격일 수도 있데이.
여친이 있는데 다른 사람이 좋아지고 있다. 마음이 어디를 향하고 있는지 제대로 살펴 보이소.
여친하고 헤어진 지 얼마 안 됐는데 딴 사람 좋아하게 됐다. 사람은 사람으로 잊는 거다.
어릴 땐 누군가를 참 쉽게 좋아했는데 지금은 어렵다. 점점 두려워지는 거 같데이.
어장관리 당한 걸 알게 됐다. 그 사람은 이제 잊고 새 출발하이소.
어장이면 슬플 거 같데이. 마음이 서로를 바라보고 있길 바란데이.
어장이면 어떡하나? 어장의 고기로 남아 좋을지 어장을 나가는 게 좋을지 생각해 보이소.
어장인 거 아는데도 좋아한다. 마음을 접는 게 쉽진 않데이.
어장인 거 알게 됐는데 포기해야겠지? 포기해야 한다면 빠를수록 좋다.
어장인 거 알겠는데 포기가 안 된다. 상대에게 휘둘리는 건 좋지 않다.
어장인 건가? 너무 잘하면 의심해 볼 필요도 있을 거 같데이.
어제 동창회 갔는데 나 걔랑 썸 타는 거 같데이. 만남은 항상 좋다.
어제 짝남이랑 꿈에서 놀았는데 다시 꾸고 싶다. 꿈에서 깨어난 게 아쉽겠네.
어제 짝남이랑 놀았는데 꿈같다. 또 함께 놀 수 있을 끼다.
어제 짝남한테 너무 차갑게 말한 거 같다. 후회한다면 사과하는 게 어떻겠나.
어제 짝녀랑 데이트했는데 꿈만 같습니다. 또 데이트할 수 있데이.
어제 짝녀한테 너무 차갑게 말한 듯. 사과하는 게 좋겠데이.
어플로 만난 남자친구 계속 만나는 게 맞는 걸까? 어떻게 만났든 마음만 진짜면 된다.
어플로 만난 여자친구 계속 연애하는 게 맞는 걸까? 무엇으로 만났든 진심이면 된다.
언제 사랑받는구나 느끼나? 작은 일에도 나를 배려해 줄 때다.
언제까지 내가 선톡을 해야 할까. 관계가 나아지지 않는다면 지칠지도 모르겠데이.
엄청 로맨틱하다. 생각만 해도 달콤하네.
엠티 가는데 짝남이랑 같은 조 됐으면 좋겠다. 꼭 같은 조 되길 바란데이.
엠티 가는데 짝녀랑 같은 반 되길. 과대표한테 슬쩍 말해 보는 건 어떻겠나.
여러 명과 썸, 빨리 선택해야 한다.
여러 명 좋아하면 안 되나? 여러 명 좋아할 수도 있지.
여리여리한 여자가 이상형이라 카네. 딱 당신이네.
여린 마음에 상처 준 건 아닐까? 상처를 줬다면 치유해 주이소.
여사친 좋아하는 내가 짜증 난다. 자기 자신이라도 사랑해 주이소.
여사친이 많은 썸남, 저는 비추다.
여사친이 여자로 느껴질 때 있나? 이성이니까 당연히 있지.
여사친이 좋아졌다. 자연스러운 감정이다.
여사친이 좋아진 거 같데이. 좋아진 이상 이성으로 다가가야지.
여사친이라 쓰고 짝사랑녀라고 읽는다. 애절한 이야기다.
여사친이랑 사귀는 거 가능하나? 가능하다.
여사친이랑 연락이 끊기지 않고 너무 잘 되는데 그린라이트일까? 편한 친구일 수도 있으니 좀 더 지켜 보이소.
여사친이랑 잘되고 싶다. 잘 될 끼다!
여사친인데 좋아하는 듯. 친구와 썸의 중간인 거 같다.
여자가 남자한테 잘해 주면 질리나? 좋은 사람이라면 고마워할 끼다.
여자가 더 사랑해서 한 결혼, 누가 더 사랑하는지는 상관없데이.
여자가 먼저 고백하는 거 어떻나? 기다리기만 하다가 놓치는 것보다 훨씬 낫다.
여자는 좋아하는 남자랑 눈 마주치면 어떻나? 당황해서 제대로 눈을 못 볼 거 같데이.
여자는 호감 없어도 잘해 주나? 본래 성격이 그럴 수도 있데이.
여자들은 남자가 자기 좋아하는 거 눈치 잘 채나? 다 알고 있을 끼다.
여자들은 몇 년이고 짝사랑하기도 하나? 계속 엄청 좋아하는 게 아니라 좋아했는데 시간이 흐른 거다.
여자들은 좋아하는 남자가 자기보다 능력이 좋은 경우에만 좋아하나? 절대 능력만 중요하지 않다.
여자들은 좋아하는 사람한테는 장난 잘 안 치나? 사람마다 다르겠지.
여자들은 좋아하는 사람한테만 잘해 주나? 사람마다 다르겠지만 좋아하는 사람한테 더 잘할 끼다.
여자들은 좋아하는데도 답장 시간이 느릴 수 있나? 밀당을 하면 느리겠지.
여자들은 직장 내에 좋아하는 남자 생기면 어떡하나? 관계를 지속해도 되는 사이라면 꾸준히 연락을 할 끼다.
여자들은 착한 남자를 좋아하나? 모두가 착한 사람에겐 호의적이다.
여자들이 뒤에서 좋아하는 남자들 특징이 뭐임? 사람마다 다르지 않겠나.
여자들이 보통 좋아하는 음식이 뭐임? 사람마다 다르겠지.
여자들이 싫어하는 남자들 특징 좀 알려 주이소. 난폭한 게 가장 싫을 끼다.
여자들이 좋아하는 남자 말투는 뭐가 있나? 아무래도 다정한 게 좋을 거 같데이.
여자들이 좋아하는 남자 특징? 다정한 게 좋을 듯하다.
여자들이 좋아하는 남자들 스타일이 어떻게 되나? 사람마다 너무 다를 거 같데이.
여자랑 단둘이 술 마시는 남자친구를 이해해 줘야 할까? 이해할 수 없다.
여자에게 하는 기분 좋은 스킨십 알려 줘. 머리를 살짝 쓰담쓰담해 보이소.
여자인데 먼저 다가가도 되나? 성별은 중요하지 않다.
여자인데 먼저 대시해도 되나? 여자가 먼저 대시하면 더 매력 있다.
여자친구 마중 나가야지. 여자친구가 좋아할 끼다.
여자친구 만나고 왔다. 좋은 만남이었길 바란데이.
여자친구 말고 다른 여자도 만나보고 싶다. 흔들리고 있나.
여자친구 보고만 있어도 좋다. 애들아~ 여기 깨 쏟아진다.
여자친구 부모님이 나를 좀 무시했다. 당황스러웠겠네.
여자친구 스타일이 마음에 안 든다. 선물해 주면서 조금씩 변화시켜 봐라.
여자친구 쌩얼 보고 배신감 느꼈다. 쌩얼도 사랑해 주이소.
여자친구 쌩얼도 예쁘다. 부럽네.
여자친구 여신 같다. 부럽네.
여자친구 오지랖 장난 아니다. 좋은 오지랖이었으면 좋겠네.
여자친구 요구가 심해진다. 모두 맞춰 줄 필요는 없다.
여자친구 집까지 데려다주려고. 매너 있네.
여자친구 패턴 몰래 봤다. 여자친구가 싫어할 일은 애초에 하지 마이소.
여자친구가 감정 없이 카톡 답장한다. 상처받고 있다고 말해 보이소.
여자친구가 갑자기 이유 없이 화낸다. 이유가 있는데 말을 못 하고 있는 거다.
여자친구가 게임을 너무 하는 게 고민이다. 피시방 데이트 해 보이소.
여자친구가 계획적이지 않아서 스트레스 받는다. 성격 차이니 받아들여 보이소.
여자친구가 기념일을 잘 잊는다. 알람을 맞춰 주이소.
여자친구가 나 사랑하는 건지 모르겠다. 확신이 필요한가 보데이.
여자친구가 나 사랑하는 건지 확신이 없다. 당신이 그녀를 사랑하면 됐지 꼭 그녀가 당신을 사랑하는지 확신이 있어야 하는 건 아니다.
여자친구가 나를 sns에 올리지 않아서 서운하다. SNS에 올리는 걸 안 좋아하는 사람도 있다.
여자친구가 나를 떠날까 봐 고민이다. 일어나지 않을 일에 대한 걱정은 쓸데없다.
여자친구가 나를 안 질려 하려면 뭘 준비해야 할까? 새로운 데이트 코스를 찾아 보이소.
여자친구가 내 의견 안 듣는다. 무시당하는 기분이 들어서 너무 외롭고 상처받게 된다고 차분하고 부드럽게 말해 보이소.
여자친구가 너무 귀가 얇다. 결정할 때 의지하라고 말해 보이소.
여자친구가 너무 많은 걸 기억하길 바라는 게 고민이다. 중요한 거 몇 가지만 기억해 주이소.
여자친구가 너무 무뚝뚝하다. 애교 부려 보이소.
여자친구가 너무 어린 거 같다. 나이 차이는 극복할 수 있다.
여자친구가 너무 예쁘고 내가 못생겨서 너무 자존감이 떨어진다. 비교하면 끝도 없다.
여자친구가 너무 좋은데 자존감을 너무 떨어뜨린다. 자존감을 스스로 지켜 보이소.
여자친구가 너무 좋은데 점 본 거에서는 만나지 말라 카네. 다른 데서도 봐 보이소.
여자친구가 너무 챙김받고 싶어 한다. 사랑을 더 받고 싶어 하는가 보데이.
여자친구가 눈치가 없다. 같이 눈치 없이 나가 보이소.
여자친구가 다른 남자들에게 인기가 많은 게 고민이다. 인기 많은 여자친구가 있어 더 좋을 거 같은데.
여자친구가 담배를 피는 게 싫다. 숨기는 것보다는 낫지.
여자친구가 더치페이를 안 한다. 데이트 통장에 대해 이야기해 보이소.
여자친구가 데이트 시간을 너무 안 지킨다. 준비하느라 오래 걸리는 친구를 이해해 주이소.
여자친구가 돈을 안 쓴다. 부담된다고 살짝 말해 보이소.
여자친구가 돈이 너무 없다. 쪼매씩 함께 해도 좋을 거 같데이.
여자친구가 돌아다니는 걸 너무 좋아한다. 같이 돌아다니면서 데이트해 보이소.
여자친구가 동거했었대. 이해해 주기 어려울 거 같데이.
여자친구가 말을 듣기 좋게 한다. 말도 예쁘게 하는 사람이네.
여자친구가 바쁜 걸 이해 못 한다. 여자친구의 서운함을 풀어 주려 노력해 보이소.
썸인데 나 솔로가? 사귀기 전이면 솔로지.
썸인데 떠보는 거 같데이. 돌직구를 날릴 차례인 거 같데이.
썸인데 선물해도 되나? 부담스럽지 않은 선이 좋겠데이.
썸인데 스킨십 어디까지 괜찮나? 사람마다 다르겠지만 사귀고 난 후가 좋겠데이.
썸인데 스킨십 해도 되나? 사람마다 다르겠지만 사귀고 난 후가 좋겠데이.
썸인데 싸늘하다. 고백할 타이밍이 너무 늦지 않았는지 생각해 보이소.
썸인데 어디 가는 게 좋나? 일단 분위기 좋은 카페를 가는 건 어떻겠나?
썸인데 연락이 너무 늦다. 저처럼 연락 늦는 사람도 있데이.
썸인데 영화 보자는데 뭐 보지? 공포영화나 액션은 어떻겠나? 스킨십으로 이어질 수도 있데이.
썸인데 자꾸 외롭다고 한다. 계속 이야기하면 사귀자는 거 돌려 말하는 걸 수도 있데이.
썸인데 행동은 커플이다. 확실히 대화를 나눠 보이소.
썸인지 쌈인지, 연락 빈도랑 언제 연락 오는지 확인해 보이소.
썸인지 아닌지, 연락을 이어가면서 알아 보이소.
썸인지 아닌지 알 수 있나? 연락하는 패턴으로 가늠해 보이소.
썸인지 아닌지 확신이 안 든다. 그분이 다른 사람과 함께 있는 상황을 생각해 봐라. 느낌이 올 끼다.
썸인지 아닌지 확인하는 방법 있나? 주말 저녁에 약속을 잡아 보이소.
썸인지 알려면, 어느 정도 시간과 연락과 관심이 필요하겠네.
썸인지 애매모호하다. 직접적이든 간접적이든 의사를 확실히 밝혀 보이소.
썸인지 어장인지, 호감을 표현해 보는 것도 좋을 거 같데이.
썸인지 착각인지, 얼마나 연락이 오는지 확인해 보이소.
썸인지 헷갈린다. 보통 썸이나 사랑은 헷갈리게 안 한다.
썸인지 확인하는 방법 있나? 연락할 때 말투 자체가 다르지.
썸일 때 다른 사람 만나면, 상대방을 헷갈리게 하는 건 좋지 않다.
썸일 때도 스킨십 하고 싶나? 자연스러운 현상이다.
썸일 때도 질투하나? 질투에는 시기가 없다.
썸일까? 말씀해 보이소.
썸타고 싶다. 먼저 다가가이소.
썸타고 있는데 먼저 연락해도 되는 부분? 연락해 보이소.
썸타고 있는데 소개팅 나가도 될까요? 사귀고 있지 않으면 나가도 괜찮다.
썸타고 있데이. 연애로 이어지길 바란데이.
썸타는 사람이 나한테 관심 없는 거 같다. 만남에 무슨 문제가 있었나?
썸타는 사람이 많은 거 같은데, 어장은 포기하는 게 깔끔하다.
썸타는 사람이 플라토닉 사랑을 이해해 줄까? 각자의 가치관은 존중되어야 한다.
썸타는 애랑 노래방 가는데, 듀엣곡 연습하고 가이소.
썸타는 애랑 잘 되는 팁 좀 주이소. 공통 관심사를 많이 만들어 보이소.
썸타는 중인데 계속 먼저 연락해도 되나? 부담스럽지 않은 선이 좋겠데이.
썸타는데 갠톡 안 하면, 개인톡으로 답변을 안 하면 썸 타는 게 아닐 가능성이 높다.
썸타는데 돈 필요하다 카네. 썸 관계에서 돈 관계는 피하는 게 좋을 듯하네.
썸타다 끝났나? 지금 연락해 보이소.
썸타다 지친다. 질질 끄는 게 서로한테 안 좋다.
썸타다가 갑자기 연락이 없다. 이유가 있을 거 같데이.
썸타던 여자가 갑자기 돌아섰다. 확신을 주지 못한 건 아닌지 생각해 보이소.
썸탈 때 여자가 먼저 연락하면 안 되나? 여자 남자가 어딨나.
썸탈 때 카톡, 많이 하면 좋지.
씨씨인데 몰래 만나고 있는데 공개 연애 하자고 할까? 몰래 만날 수 있는 만큼 몰래 만나 보이소.
씨씨인데 몰래 만나고 있는데 공개 연애 하자고 할까? 상대의 의견도 물어 보이소.
씻어도 냄새나는 거 같데이. "바디워시, 바디로션, 섬유유연제, 향수 등을 사용해 보이소."
아기 생겼다. 축하한데이!
아기 좋아하는 남자 어떻나? 마음이 따뜻할 거 같데이.
아기 좋아하는 남자 어떻나? 착할 거 같데이.
아기 좋아하는 여자 어떻나? 마음이 따뜻할 거 같데이.
아기 좋아하는 여자 어떻나? 착할 거 같데이.
아낌없이 퍼주는 스타일. 호구인 걸까? 감정에 솔직한 거다.
아내한테 만족하나? 그중에 낫다 생각하고 사는 거지.
아름다운 이별은 없겠지. 사랑한 후에 좋은 추억이 남을 끼다.
아름답게 잊혀지길, 저도 바란데이.
아마 평생 모르겠지. 평생 모르고 사는 게 참 많지.
아무리 눈치 없어도 좋아하는 티 내면 알아채나? 사람마다 다를 끼다.
아무리 바빠도 연락을 해야 하는 거 아이가? 적어도 미리 양해를 구하는 게 좋지.
아무리 지쳐도 집에 가면 있는 내 편, 든든하겠데이.
아직 마음을 모르겠는데 고백해도 되나? 확실한 생각이 들 때 하이소.
아직 사귀지도 않는데 의심을 한다. 너무 섣부르다고 타일러 보이소.
아직 좋아하는데 헤어지자고 하는 경우 있나? 간혹 있더라고.
아직도 사랑하는 거 같다. 항상 사랑했던 걸 수도 있데이.
아직도 좋아하는 사람이 있는데. 많이 힘들겠데이.
아침 등교할 때 버스정류장에서 항상 마주치는 짝녀에게 말 걸어보고 싶다. 용기 있는 자만이 미녀를 얻는다.
안 좋아하는 법 좀 알려 줘. 참 어려운 질문이네.
안 좋아하는데 계속 만나는 거 가능하나? 사귀는 건 힘들데이.
안경 쓰는 남자애 좋아하는 남자 있나? 그런 건 중요하지 않다.
안경 쓰는 여자애 좋아하는 남자 있나? 그런 건 중요하지 않다.
알바하면서 썸 많이 타나? 힘들 때 도와주면 정이 든다.
앞으로 짝남 안 봐야지. 마음 단단히 잡길 바란데이.
애기 안 갖고 싶다. 갖지 마이소.
애기 일찍 갖는 게 좋을까? 자신의 상황에서 최선의 선택을 하이소.
애니 좋아하는 남자 별로임? 상관없데이.
애니 좋아하는 사람 별로야? 개인의 취향일 뿐이다.
애들이 썸 타냐고 물어본다. 다른 사람들이 알 정도인가 보데이.
애매모호한 썸 그냥 끝낼까? 직접적으로 들이대 보이소.
애매한 관계 같다. 직접적이든 간접적이든 의사를 확실히 밝혀 보이소.
애인이 있는데 좋아하는 사람이 생겼다. 마음으로 바람피우는 거네.
애정운 궁금하다. "좋은 말 나와야 본전, 나쁜 말 나오면 기분 안 좋다."
애프터까지 왔는데 연락이 뜸하다. 바쁘거나 감정의 변화가 생겼을지도 모르겠데이.
약간 나 혼자 썸 타는 듯. 호감을 표현해 보이소.
약속 끝나고 짝남에게 집에 데려다 달라고 하면 오해하려나? 오해해도 하는 게 좋을 거 같데이.
약속 끝나고 짝녀를 집에 데려다주면 너무 티 나려나? 데려다주는 건 기본 매너라고 생각한데이.
약속을 계속 미루는 썸남, 약속을 소홀히 생각하는 사람은 믿음직스럽지 못하다.
양궁카페 갔다 왔다. 특별한 데이트 장소네.
어떤 남자가 엄청 수작 부린다. 나한테만 부리면 좋다.
어떤 남자애가 나 내일 뭐 하냐는데 뭐라 하나? 너랑 약속 잡으려고 한다고 말해 보이소.
어떤 남자애가 내일 뭐 하냐는데 나한테 관심 있나? 시간 많다고 심심하다고 해 보이소.
어떤 사람 꿈 꾸고 나서 호감 생겼다. 충분히 그럴 수 있다.
어떤 사람 만나야 하나? 내가 나답게 살 수 있도록 해 줄 수 있는 사람인 거 같데이.
어떤 사람을 만나는 게 좋을까? 항상 사랑받고 있다는 확신을 느끼게 해 주는 사람을 만나 보이소.
어떤 사람이 춥다고 나만 옷 벗어 줬다. 호감이 있을 수도 있데이. 그렇지만 쪼매 더 상황을 지켜 보이소.
어떤 사람이랑 사랑하고 싶나? 먼저 고백해 보이소.
어떤 여자가 나한테 끼 부린다. 나한테만 부리면 좋다.
어떤 연애 하고 싶나? 서로가 전부인 연애가 아니라 서로 부족한 부분을 감싸 안아서 서로를 완전하게 해 주는 연애인 거 같데이.
어떨 때 사랑하는구나 아나? 그 사람이 행복해하는 걸 보면서 나도 행복할 때다.
어떨 때 연인이 변했다고 생각하나? 연락과 데이트로 바로 느껴지지.
어떻게 꼬시지? 꼬시지 말고 사랑해 보이소.
어떻게 심쿵하게 하나? 평소 흘려 이야기했던 걸 기억해 주고 생각하고 있다는 걸 알려 주이소.
어떻게 여러 명을 좋아할 수 있나? 저도 이해는 안 갑니다.
어떻게 오래 만나지? 신뢰가 무너지지 않으면 계속 사랑할 수 있다.
어떻게 용기를 내나? 할 수 있을 끼다. 자신을 믿어 보이소.
어떻게 프로포즈 하나? 진지하게 마음을 담은 고백을 하이소.
어떻게 해야 오래 만날 수 있을까? 서로 배려하고 대화하는 게 중요한 거 같데이.